Body,Sample,Co_ppm,Ni_ppm,Al_pct,Ti_pct,S_ppm,Au_ppb,Ag_ppm,As_ppm,Bi_ppm,Cu_ppm,Pb_ppm,Zn_ppm,Sn_ppm,Sr_ppm,Th_ppm,Be_ppm,Tl_ppm,U_ppm,W_ppm,Y_ppm,Zr_ppm,Cs_ppm,Ga_ppm,Hf_ppm,In_ppm,Rb_ppm,Re_ppm,Mg_pct,Mn_pct,Mo_ppm,Nb_ppm,Sb_ppm,Sc_ppm,Ta_ppm,Te_ppm,V_ppm,Ca_pct,K_pct,La_ppm,Li_ppm,Na_pct,P_pct,Se_ppm,Ba_ppm,Cd_ppm,Fe_pct,Cr_ppm,,,,,,,,,,,,,,,,,,,,,,,,,,,,,,,,,,,,,,,,,,,,,,,,,,,,,,,,,,,,,,,,,,,,,,,,,,,,,,,,,,,,,,,,,,,
PIMENTÃO,FJG112/223,18.9,93.4,0.83,0.04,82100,2701,2.028,517.1,16.81,650.26,6.77,75.8,1.4,11,0.7,0.5,0.89,0.2,77.3,3.3,10.1,23,3.44,0.2,0.09,62.3,0.002,0.97,0.1037,0.72,0.79,0.9,2,0.05,0.53,16,2.15,0.54,3.2,3.4,0.01,0.033,0.6,32,0.5,30.98,50,,,,,,,,,,,,,,,,,,,,,,,,,,,,,,,,,,,,,,,,,,,,,,,,,,,,,,,,,,,,,,,,,,,,,,,,,,,,,,,,,,,,,,,,,,,
PIMENTÃO,FJG112/224,9.6,74.4,1.13,0.051,70100,301,1.446,167.3,8.09,603.35,7.95,77.4,2,11,1,0.5,0.86,0.3,4,5.3,13.9,23,3.91,0.39,0.1,63,0.001,0.98,0.1231,0.67,0.85,0.34,2.6,0.05,0.13,20,3.68,0.66,5,5.6,0.024,0.029,0.4,48,0.51,24.63,70,,,,,,,,,,,,,,,,,,,,,,,,,,,,,,,,,,,,,,,,,,,,,,,,,,,,,,,,,,,,,,,,,,,,,,,,,,,,,,,,,,,,,,,,,,,
PIMENTÃO,FJG112/225,6.9,83.7,1.94,0.098,84500,210,1.391,12.2,10.25,628.17,9.26,132.1,3.6,11,1.9,2,1.64,0.5,1,5.7,25.3,42.3,6.77,0.71,0.19,113.3,0.003,1.49,0.1362,0.6,1.47,0.14,4.6,0.1,0.26,33,2.47,1.33,6.9,13.6,0.061,0.038,0.6,56,0.63,30.37,86,,,,,,,,,,,,,,,,,,,,,,,,,,,,,,,,,,,,,,,,,,,,,,,,,,,,,,,,,,,,,,,,,,,,,,,,,,,,,,,,,,,,,,,,,,,
PIMENTÃO,FJG112/227,14.4,78,1.7,0.084,67800,389,1.488,274.9,9.06,499.47,7.24,121,2.8,11,1.6,1,1.78,0.5,0.4,4.1,22.7,48.4,6.23,0.64,0.16,125.4,0.004,1.54,0.1434,0.64,1.57,0.53,4.7,0.1,0.21,31,2.24,1.22,6.4,12.1,0.008,0.029,0.8,42,0.54,27.15,96,,,,,,,,,,,,,,,,,,,,,,,,,,,,,,,,,,,,,,,,,,,,,,,,,,,,,,,,,,,,,,,,,,,,,,,,,,,,,,,,,,,,,,,,,,,
PIMENTÃO,FJG112/229,11.6,64.9,1.42,0.06,35300,3176,1.468,330.8,15.69,300.1,6.12,275.8,2.5,11,1.2,0.5,0.87,0.3,0.6,5.3,17,44.7,6.39,0.51,0.22,74.2,0.002,1.22,0.1653,0.6,1.35,0.58,3.3,0.1,0.78,23,2.76,0.77,5,5.9,0.144,0.034,0.4,66,0.64,28.17,70,,,,,,,,,,,,,,,,,,,,,,,,,,,,,,,,,,,,,,,,,,,,,,,,,,,,,,,,,,,,,,,,,,,,,,,,,,,,,,,,,,,,,,,,,,,
PIMENTÃO,FJG112/239,23.4,75.9,2.33,0.096,53800,3849,1.073,195.2,21.54,482.56,14.82,118.1,2.8,11,2.3,2,1.46,0.6,1.4,7.3,30.5,42.8,11.22,0.76,0.27,101.9,0.001,1.43,0.1363,0.76,2.52,0.51,5.7,0.2,0.97,39,3.5,1.25,8.7,16.3,0.187,0.032,0.7,60,0.77,23.07,109,,,,,,,,,,,,,,,,,,,,,,,,,,,,,,,,,,,,,,,,,,,,,,,,,,,,,,,,,,,,,,,,,,,,,,,,,,,,,,,,,,,,,,,,,,,
PIMENTÃO,FJG112/244,7.8,45.2,0.67,0.03,23100,1026,0.402,2.3,3.42,162.65,3.38,141.3,2.7,11,0.7,0.5,0.63,0.2,0.3,4.1,8.2,15.5,6.92,0.24,0.18,42.7,0.001,0.55,0.125,0.52,0.79,0.15,1.7,0.05,0.13,12,2.36,0.44,3.7,3.7,0.006,0.027,0.4,29,0.59,35.48,34,,,,,,,,,,,,,,,,,,,,,,,,,,,,,,,,,,,,,,,,,,,,,,,,,,,,,,,,,,,,,,,,,,,,,,,,,,,,,,,,,,,,,,,,,,,
PIMENTÃO,FJG112/247,34.9,129.2,0.72,0.051,82700.01,839,1.229,743,8.55,782,3.35,40.2,1,11,1.6,0.5,0.57,0.3,0.2,3.3,13.7,12.9,2.87,0.4,0.08,37.4,0.009,0.87,0.1284,1.15,1.64,0.28,2.5,0.1,0.62,14,2.09,0.45,6.6,5.5,0.007,0.026,3.7,34,0.36,23.56,60,,,,,,,,,,,,,,,,,,,,,,,,,,,,,,,,,,,,,,,,,,,,,,,,,,,,,,,,,,,,,,,,,,,,,,,,,,,,,,,,,,,,,,,,,,,
PIMENTÃO,FJG112/248,39.6,221.5,0.65,0.035,100000,616,1.209,25.9,8.72,1598.47,3.75,37.4,0.9,11,0.7,0.5,0.51,0.2,2.4,3.3,9.6,10.6,2.71,0.26,0.09,31.9,0.004,0.69,0.0941,0.62,1.06,0.06,2.1,0.05,0.6,13,1.98,0.34,5,4.2,0.005,0.027,4.1,17,0.3,35.66,42,,,,,,,,,,,,,,,,,,,,,,,,,,,,,,,,,,,,,,,,,,,,,,,,,,,,,,,,,,,,,,,,,,,,,,,,,,,,,,,,,,,,,,,,,,,
PIMENTÃO,FJG115/183,69.9,127.8,0.3,0.014,58100,783,1.491,0.9,11.56,2177.68,4.5,164.4,0.6,8,0.4,0.5,0.28,0.1,0.2,3.2,4,9.5,2.77,0.1,0.13,19,0.001,1.51,0.1266,0.32,0.38,0.19,0.9,0.05,0.44,7,0.58,0.22,1.1,1.6,0.011,0.044,0.15,17,0.28,26.06,17,,,,,,,,,,,,,,,,,,,,,,,,,,,,,,,,,,,,,,,,,,,,,,,,,,,,,,,,,,,,,,,,,,,,,,,,,,,,,,,,,,,,,,,,,,,
PIMENTÃO,FJG115/184,42.2,83.2,1.64,0.151,46400,1080,1.481,0.9,12.96,1528.97,5.38,130.9,2,34,0.6,0.5,1.51,0.2,0.6,4.4,23.3,33.5,7.43,0.65,0.1,110.7,0.001,2.14,0.1152,0.31,1.76,0.1,6.9,0.1,0.75,50,2.24,1.28,3.5,9.8,0.015,0.035,0.15,37,0.4,22.01,91,,,,,,,,,,,,,,,,,,,,,,,,,,,,,,,,,,,,,,,,,,,,,,,,,,,,,,,,,,,,,,,,,,,,,,,,,,,,,,,,,,,,,,,,,,,
PIMENTÃO,FJG115/192,10.6,63.5,2.56,0.096,69400,1435,1.359,2.4,26.28,821.6,6.96,157.5,3.1,32,2.3,1,2.41,0.6,0.4,3.9,26.9,67.4,10.61,0.59,0.22,185.8,0.003,2.58,0.0891,0.4,2.46,0.08,6.4,0.2,2.36,40,1.58,1.93,5.6,26.1,0.01,0.032,0.15,54,0.63,24.66,112,,,,,,,,,,,,,,,,,,,,,,,,,,,,,,,,,,,,,,,,,,,,,,,,,,,,,,,,,,,,,,,,,,,,,,,,,,,,,,,,,,,,,,,,,,,
PIMENTÃO,FJG115/193,12.1,74.8,1.69,0.073,76500,1659,1.689,0.9,23.58,1096.1,6.31,108.4,2.1,22,1.5,1,1.66,0.4,0.3,2.8,18.3,41.2,6.67,0.53,0.16,117.6,0.006,1.78,0.0686,1.98,1.52,0.06,4.5,0.1,1.09,36,1.19,1.36,4.2,16.6,0.006,0.026,0.15,20,0.46,26.46,82,,,,,,,,,,,,,,,,,,,,,,,,,,,,,,,,,,,,,,,,,,,,,,,,,,,,,,,,,,,,,,,,,,,,,,,,,,,,,,,,,,,,,,,,,,,
PIMENTÃO,FJG115/194,14.2,89.6,1.03,0.039,87800,1257,1.585,1.5,13.27,1131.75,5.25,82.6,1.2,32,1,0.5,0.98,0.2,0.1,2.6,11.3,23.9,4.03,0.32,0.1,69.9,0.005,1.49,0.0998,0.46,0.97,0.07,3,0.05,0.88,23,2.12,0.74,2.5,11.1,0.004,0.015,0.4,192,0.62,30.36,55,,,,,,,,,,,,,,,,,,,,,,,,,,,,,,,,,,,,,,,,,,,,,,,,,,,,,,,,,,,,,,,,,,,,,,,,,,,,,,,,,,,,,,,,,,,
PIMENTÃO,FJG119/191,16.8,64.2,2.13,0.09,62400,2368,1.239,114.8,17.24,1247.47,5.29,169.3,2.6,33,1.6,1,1.61,0.4,0.3,4.2,19.5,40.1,8.14,0.52,0.19,113.2,0.001,2.2,0.1126,0.54,2.04,0.15,5.4,0.1,0.97,32,2.46,1.3,5.7,15.6,0.012,0.027,0.6,21,0.49,21.72,99,,,,,,,,,,,,,,,,,,,,,,,,,,,,,,,,,,,,,,,,,,,,,,,,,,,,,,,,,,,,,,,,,,,,,,,,,,,,,,,,,,,,,,,,,,,
PIMENTÃO,FJG40/174,18.3,72.8,1.92,0.078,57000,2477,2.192,98.4,27.68,1439.49,9.92,94.5,3,111,1.6,0.5,1.45,0.4,1.7,3.7,19.2,38.3,6.92,0.52,0.16,114.8,0.004,1.46,0.1234,0.9,1.9,0.28,4.1,0.2,1.01,29,2.24,1.31,5.4,21,0.076,0.028,1.2,44,0.56,24.2,85,,,,,,,,,,,,,,,,,,,,,,,,,,,,,,,,,,,,,,,,,,,,,,,,,,,,,,,,,,,,,,,,,,,,,,,,,,,,,,,,,,,,,,,,,,,
PIMENTÃO,FJG40/175,16.1,89.9,1.28,0.053,79200,288,2.106,3.4,13.86,1650.35,10.53,58.7,1.8,111,1.2,1,0.99,0.2,0.5,4.8,12.4,26.7,4.03,0.59,0.12,76.7,0.001,1.05,0.123,1.01,7.77,0.12,2.8,0.05,2.41,24,3.47,0.85,4.6,13.7,0.021,0.028,1.6,64,0.53,27.31,63,,,,,,,,,,,,,,,,,,,,,,,,,,,,,,,,,,,,,,,,,,,,,,,,,,,,,,,,,,,,,,,,,,,,,,,,,,,,,,,,,,,,,,,,,,,
PIMENTÃO,FJG40/176,15.2,85.8,1.77,0.077,67600,79,2.135,2.1,11.33,1364.89,10.29,79,2.3,111,1.8,1,1.32,0.3,0.8,3.3,19.4,31.4,5.42,0.5,0.14,106.2,0.004,1.34,0.0604,1.36,1.73,0.15,3.9,0.2,1.33,40,1.61,1.21,5.4,18,0.021,0.028,2.3,115,0.4,25.53,95,,,,,,,,,,,,,,,,,,,,,,,,,,,,,,,,,,,,,,,,,,,,,,,,,,,,,,,,,,,,,,,,,,,,,,,,,,,,,,,,,,,,,,,,,,,
PIMENTÃO,FJG40/177,18.9,100.4,0.9,0.042,95200.01,50,2.898,3,14.68,2189.16,11.56,41.4,1.7,111,1,0.5,0.47,0.2,2.7,3,16.2,11.5,2.91,0.4,0.12,39.8,0.001,0.88,0.106,1.24,0.98,0.13,2,0.05,1.69,18,2.45,0.54,4.2,7.9,0.025,0.028,3,42,0.63,29.5,45,,,,,,,,,,,,,,,,,,,,,,,,,,,,,,,,,,,,,,,,,,,,,,,,,,,,,,,,,,,,,,,,,,,,,,,,,,,,,,,,,,,,,,,,,,,
PIMENTÃO,FJG40/178,19.1,103.2,0.9,0.047,82500,36,2.411,1.1,13.04,1645.14,11.09,34.5,1.8,111,0.9,0.5,0.35,0.2,3,2.8,13.5,7.8,3.25,0.33,0.12,31.6,0.001,1.04,0.1181,1.95,0.96,0.18,2.5,0.05,0.89,21,2.36,0.47,4,8,0.023,0.031,1.7,39,0.64,29.13,52,,,,,,,,,,,,,,,,,,,,,,,,,,,,,,,,,,,,,,,,,,,,,,,,,,,,,,,,,,,,,,,,,,,,,,,,,,,,,,,,,,,,,,,,,,,
PIMENTÃO,FJG40/179,16.5,86.3,1.66,0.071,76800,160,2.533,1.6,14.91,1574.22,12.96,62.3,3.5,111,1.3,0.5,0.52,0.2,5.2,2.9,17.1,11.8,5.38,0.46,0.13,56,0.001,1.26,0.1093,1.09,1.38,0.12,4.2,0.1,0.68,37,2.24,0.89,5.6,16.2,0.03,0.022,1,71,0.57,27.9,89,,,,,,,,,,,,,,,,,,,,,,,,,,,,,,,,,,,,,,,,,,,,,,,,,,,,,,,,,,,,,,,,,,,,,,,,,,,,,,,,,,,,,,,,,,,
PIMENTÃO,FJG40/181,16.8,92.5,1.6,0.068,79100,61,1.995,1.3,12.88,1382.36,12.67,50.8,3.4,111,1.4,1,0.42,0.3,6,2.8,18.4,9,5.82,0.46,0.05,47.2,0.001,1.18,0.1252,1.68,1.4,0.15,3.9,0.1,0.8,33,2.52,0.85,5.4,14.2,0.051,0.027,0.7,47,0.39,27.78,86,,,,,,,,,,,,,,,,,,,,,,,,,,,,,,,,,,,,,,,,,,,,,,,,,,,,,,,,,,,,,,,,,,,,,,,,,,,,,,,,,,,,,,,,,,,
PIMENTÃO,FJG40/182,12.5,73.8,1.78,0.054,62700,101,1.617,2.1,10.55,1288.16,13.23,50.9,3.7,111,1.5,1,0.43,0.3,6.5,3.1,17.3,8.3,5.94,0.46,0.12,48.9,0.004,1.29,0.1289,1.3,1.25,0.14,3.3,0.1,0.64,31,2.72,0.88,4.3,13.9,0.069,0.026,1,36,0.43,22.35,63,,,,,,,,,,,,,,,,,,,,,,,,,,,,,,,,,,,,,,,,,,,,,,,,,,,,,,,,,,,,,,,,,,,,,,,,,,,,,,,,,,,,,,,,,,,
PIMENTÃO,FJG40/183,17.5,91.3,1.39,0.068,73900,1001,2.178,1.1,18.62,1743.84,11.88,58.7,2.9,111,1.5,0.5,0.71,0.3,2.7,3.3,17.6,17.3,5.36,0.37,0.13,56.2,0.003,1.39,0.1115,2.26,1.4,0.21,3.9,0.1,0.83,30,2.43,0.84,5.7,15.3,0.067,0.019,1.4,28,0.48,25.36,86,,,,,,,,,,,,,,,,,,,,,,,,,,,,,,,,,,,,,,,,,,,,,,,,,,,,,,,,,,,,,,,,,,,,,,,,,,,,,,,,,,,,,,,,,,,
PIMENTÃO,FJG40/188,2.5,14,0.34,0.012,4800,959,0.481,2.6,2.27,97.23,3.06,89.1,1.6,111,0.3,0.5,0.25,0.05,0.5,3.5,2.8,7.9,5.88,0.11,0.12,18.4,0.001,0.57,0.0537,0.92,0.41,0.25,0.8,0.05,0.08,6,2.28,0.17,1.9,2.3,0.005,0.025,0.15,16,0.34,35.44,21,,,,,,,,,,,,,,,,,,,,,,,,,,,,,,,,,,,,,,,,,,,,,,,,,,,,,,,,,,,,,,,,,,,,,,,,,,,,,,,,,,,,,,,,,,,
PIMENTÃO,FJG47/129,10.1,61.2,2,0.086,54300,3797,1.216,9.8,33.94,774.41,6.89,130.6,3.1,111,1.7,3,1.5,0.4,0.3,4,19,39.2,8.45,0.53,0.14,106.8,0.005,2.22,0.1933,0.78,1.93,0.12,5.5,0.2,0.77,38,3.41,1.3,6,21.3,0.043,0.028,1.7,92,0.89,23.35,102,,,,,,,,,,,,,,,,,,,,,,,,,,,,,,,,,,,,,,,,,,,,,,,,,,,,,,,,,,,,,,,,,,,,,,,,,,,,,,,,,,,,,,,,,,,
PIMENTÃO,FJG47/133,14.6,91.2,0.83,0.031,82400,2245,1.962,39.5,20.38,1101.69,6.98,48.8,1.3,111,0.8,0.5,0.52,0.2,0.5,2.9,7.8,13.5,3.19,0.21,0.21,36.1,0.009,0.93,0.1136,1.59,0.8,0.27,2.1,0.05,0.8,18,2.44,0.46,2.5,5.7,0.023,0.032,1.9,32,0.62,28.51,44,,,,,,,,,,,,,,,,,,,,,,,,,,,,,,,,,,,,,,,,,,,,,,,,,,,,,,,,,,,,,,,,,,,,,,,,,,,,,,,,,,,,,,,,,,,
PIMENTÃO,FJG47/134,11.3,81.2,2.1,0.096,70200,1120,2.286,12,23.35,1024.67,11.6,100.9,2.3,111,2.5,2,1.25,0.8,0.5,5.2,48.6,31.5,7.8,1.07,0.17,92.2,0.005,1.68,0.1331,1.21,1.92,0.13,6,0.2,0.24,42,2.54,1.29,7.5,18.7,0.067,0.022,1.1,36,0.71,26.52,94,,,,,,,,,,,,,,,,,,,,,,,,,,,,,,,,,,,,,,,,,,,,,,,,,,,,,,,,,,,,,,,,,,,,,,,,,,,,,,,,,,,,,,,,,,,
PIMENTÃO,FJG47/135,11.2,70.2,1.97,0.07,72600,195,2.258,2.7,15.96,1020.92,10.94,93.1,2.5,111,1.6,1,1.13,0.4,0.6,6.5,24.7,29.1,7.08,0.63,0.13,83.2,0.001,1.43,0.1036,1.35,1.57,0.15,4.5,0.1,0.88,34,2.83,1.24,11.6,19.5,0.09,0.022,2.1,31,0.45,23.89,86,,,,,,,,,,,,,,,,,,,,,,,,,,,,,,,,,,,,,,,,,,,,,,,,,,,,,,,,,,,,,,,,,,,,,,,,,,,,,,,,,,,,,,,,,,,
PIMENTÃO,FJG47/136,13,79.1,1.69,0.065,77500,83,2.342,2.8,16.84,1235.96,14.52,81.2,2.5,111,1.3,2,1.02,0.3,0.3,4.9,19.5,25.6,6.71,0.41,0.19,75.5,0.001,1.42,0.0782,1.55,1.76,0.13,4,0.1,0.43,34,2.42,1.06,4.8,16.9,0.012,0.03,0.9,39,0.35,26.1,80,,,,,,,,,,,,,,,,,,,,,,,,,,,,,,,,,,,,,,,,,,,,,,,,,,,,,,,,,,,,,,,,,,,,,,,,,,,,,,,,,,,,,,,,,,,
PIMENTÃO,FJG47/137,14.9,99.4,0.89,0.037,85900,154,2.15,0.1,16.71,1368.88,13.53,47.8,1.4,111,0.7,0.5,0.47,0.1,12.6,5,8.7,13.6,3.3,0.16,0.1,36.7,0.001,1.02,0.1018,1.61,0.81,0.19,2.9,0.05,1.07,24,3.5,0.5,3.3,8.8,0.004,0.033,2.3,33,0.35,27.24,45,,,,,,,,,,,,,,,,,,,,,,,,,,,,,,,,,,,,,,,,,,,,,,,,,,,,,,,,,,,,,,,,,,,,,,,,,,,,,,,,,,,,,,,,,,,
PIMENTÃO,FJG47/138,13.7,93.1,1.5,0.064,79700,2963,2.278,1.3,22.59,1340.64,12.09,78.7,1.7,111,1.5,0.5,0.93,0.3,0.5,5,15.3,23.9,5.62,0.42,0.14,64.8,0.001,1.26,0.0852,1.93,1.21,0.13,4.2,0.1,1.33,36,2.92,0.9,5.4,14.4,0.017,0.031,1.2,51,0.44,26.09,81,,,,,,,,,,,,,,,,,,,,,,,,,,,,,,,,,,,,,,,,,,,,,,,,,,,,,,,,,,,,,,,,,,,,,,,,,,,,,,,,,,,,,,,,,,,
PIMENTÃO,FJG47/142,20.6,135.6,0.81,0.062,86600,792,1.994,3.7,10.94,2142.17,6.56,47.4,0.9,111,1.2,0.5,0.5,0.2,1.5,4.1,18.3,13.2,3.04,0.49,0.11,38.7,0.005,0.92,0.0956,0.71,0.83,0.12,3.1,0.1,0.06,26,2.27,0.5,5.5,6.7,0.006,0.032,1.1,32,0.52,34.67,66,,,,,,,,,,,,,,,,,,,,,,,,,,,,,,,,,,,,,,,,,,,,,,,,,,,,,,,,,,,,,,,,,,,,,,,,,,,,,,,,,,,,,,,,,,,
PIMENTÃO,FJG47/143,18.6,111.9,1.45,0.057,77000,1535,1.374,2.8,12.87,1389.97,6.31,59.7,2,111,1.1,0.5,0.71,0.2,0.6,3.4,14.6,17,5.44,0.32,0.15,58.3,0.009,0.95,0.0721,1.7,1.12,0.12,4.2,0.1,1.02,31,1.49,0.89,3.8,14.3,0.022,0.034,0.9,44,0.27,28.05,74,,,,,,,,,,,,,,,,,,,,,,,,,,,,,,,,,,,,,,,,,,,,,,,,,,,,,,,,,,,,,,,,,,,,,,,,,,,,,,,,,,,,,,,,,,,
PIMENTÃO,FJG47/144,15.9,93.4,1.32,0.048,69400,3258,1.148,2.1,23.84,1155.81,6.1,54.3,1.5,111,1.1,1,0.99,0.3,0.8,6.1,12.8,21.8,5.81,0.34,0.16,56.9,0.001,0.83,0.0765,1.34,1.52,0.15,3.5,0.1,2.15,23,3.07,0.61,6.2,8.7,0.007,0.031,0.5,30,0.36,23.57,60,,,,,,,,,,,,,,,,,,,,,,,,,,,,,,,,,,,,,,,,,,,,,,,,,,,,,,,,,,,,,,,,,,,,,,,,,,,,,,,,,,,,,,,,,,,
PIMENTÃO,FJG47/148,35.1,157.5,1.54,0.068,84799.99,1440,2.009,56.5,13.85,1651.14,4.97,72.2,2.2,111,1.6,0.5,0.79,0.4,8.1,5.3,21.6,22.5,7.3,0.66,0.09,60.8,0.001,1.07,0.0796,1.12,1.65,0.26,4.1,0.2,0.72,30,2.74,0.78,5,9.1,0.033,0.049,2,38,0.16,29.5,85,,,,,,,,,,,,,,,,,,,,,,,,,,,,,,,,,,,,,,,,,,,,,,,,,,,,,,,,,,,,,,,,,,,,,,,,,,,,,,,,,,,,,,,,,,,
PIMENTÃO,FJG47/149,39.5,141.5,1.28,0.045,76900,1646,1.823,246.6,20.13,1687.82,5.43,64.4,2.2,111,1.1,0.5,0.81,0.3,0.3,4.5,14.9,20,4.87,0.27,0.13,52.1,0.005,0.97,0.1186,1.18,1.38,0.44,3.6,0.1,1.52,23,2.98,0.63,4,7.1,0.013,0.037,0.4,37,0.3,26.96,59,,,,,,,,,,,,,,,,,,,,,,,,,,,,,,,,,,,,,,,,,,,,,,,,,,,,,,,,,,,,,,,,,,,,,,,,,,,,,,,,,,,,,,,,,,,
PIMENTÃO,FJG84/213,6.8,45.4,0.71,0.028,51000,2026,0.893,2.9,10.9,795.76,4.28,70.8,1,111,0.6,0.5,0.55,0.05,0.4,3,7.7,14.8,3.6,0.19,0.1,36.9,0.007,0.75,0.0687,1,0.76,0.1,1.7,0.05,0.54,15,1.69,0.46,3,5.3,0.054,0.025,0.8,26,0.27,26.67,47,,,,,,,,,,,,,,,,,,,,,,,,,,,,,,,,,,,,,,,,,,,,,,,,,,,,,,,,,,,,,,,,,,,,,,,,,,,,,,,,,,,,,,,,,,,
PIMENTÃO,FJG84/216,6.5,39.9,2.4,0.095,44900,5917,1.22,2.1,29.45,569.74,7.62,198.6,2.7,111,2,1,2.2,0.6,1.4,6,27.3,81.2,8.5,0.88,0.28,147.4,0.004,1.44,0.1698,0.78,2.62,0.19,5.4,0.2,1.31,31,3.46,1.83,9.3,16.8,0.256,0.029,0.4,73,0.54,23.29,98,,,,,,,,,,,,,,,,,,,,,,,,,,,,,,,,,,,,,,,,,,,,,,,,,,,,,,,,,,,,,,,,,,,,,,,,,,,,,,,,,,,,,,,,,,,
PIMENTÃO,FJG84/232,11.8,64.8,0.62,0.029,59700,1435,1.409,10.7,31.15,1134.18,6.39,98.5,1.1,111,0.6,0.5,0.39,0.2,0.3,5.3,8.6,27.6,2.98,0.21,0.19,32.6,0.004,0.79,0.1118,0.95,0.7,0.23,1.8,0.05,1.89,11,3.02,0.32,4.3,1.8,0.047,0.03,1.7,24,0.41,29.56,46,,,,,,,,,,,,,,,,,,,,,,,,,,,,,,,,,,,,,,,,,,,,,,,,,,,,,,,,,,,,,,,,,,,,,,,,,,,,,,,,,,,,,,,,,,,
PIMENTÃO,FJG86/213,11.6,53.5,1.45,0.093,36600,3993,0.968,2.8,15.39,456.21,6.88,215.4,1.8,111,0.9,0.5,1.33,0.2,0.4,5.4,14.4,36.2,8.54,0.4,0.31,93.3,0.001,2,0.1336,0.54,1.29,0.15,5.1,0.05,0.56,38,1.93,1.07,4.9,10.3,0.012,0.038,0.5,52,0.46,25.63,98,,,,,,,,,,,,,,,,,,,,,,,,,,,,,,,,,,,,,,,,,,,,,,,,,,,,,,,,,,,,,,,,,,,,,,,,,,,,,,,,,,,,,,,,,,,
PIMENTÃO,FJG86/214,3.1,19.7,0.7,0.032,13800,2424,0.544,1,6.4,150.61,4.27,128.5,1.4,111,0.7,0.5,0.8,0.2,0.3,4.5,7.2,20,8.31,0.22,0.14,51.9,0.001,1.13,0.1055,0.52,0.6,0.22,1.8,0.05,0.27,12,2.57,0.52,3.2,4.2,0.007,0.035,0.15,38,0.45,31.39,31,,,,,,,,,,,,,,,,,,,,,,,,,,,,,,,,,,,,,,,,,,,,,,,,,,,,,,,,,,,,,,,,,,,,,,,,,,,,,,,,,,,,,,,,,,,
PIMENTÃO,FJG86/216,13.7,80.2,0.59,0.022,100000,877,1.509,2.1,12.82,1045.9,5.15,41.6,0.6,111,0.5,0.5,0.5,0.1,0.1,3,5.4,11.7,2.23,0.16,0.09,34,0.009,0.87,0.0676,0.78,0.64,0.05,1.3,0.05,1.82,12,2.02,0.37,2.3,3.6,0.009,0.027,2.4,21,0.39,32.53,33,,,,,,,,,,,,,,,,,,,,,,,,,,,,,,,,,,,,,,,,,,,,,,,,,,,,,,,,,,,,,,,,,,,,,,,,,,,,,,,,,,,,,,,,,,,
PIMENTÃO,FJG86/228,19.9,98.1,1.81,0.083,87500,5297,1.449,159.1,41.55,1420.41,9.61,93.4,2.9,111,1.8,0.5,1.11,0.5,12.3,3.9,22.3,23.3,8.13,0.56,0.21,80.1,0.004,1.24,0.1146,0.75,1.91,0.2,4.9,0.1,2.12,33,2.35,1.15,7.6,18.1,0.139,0.021,2.1,32,0.71,30.04,86,,,,,,,,,,,,,,,,,,,,,,,,,,,,,,,,,,,,,,,,,,,,,,,,,,,,,,,,,,,,,,,,,,,,,,,,,,,,,,,,,,,,,,,,,,,
PIMENTÃO,FJG86/229,27.4,95.6,1.29,0.056,83300,1398,1.706,201,32.87,1653.65,12.71,52.7,2.4,111,1.4,1,0.52,0.3,2.8,3.8,13.4,8.4,5.2,0.38,0.14,45,0.004,1.1,0.1322,0.67,1.22,0.57,3,0.1,0.65,28,2.65,0.76,5.2,13.5,0.02,0.033,1.2,38,0.5,30,66,,,,,,,,,,,,,,,,,,,,,,,,,,,,,,,,,,,,,,,,,,,,,,,,,,,,,,,,,,,,,,,,,,,,,,,,,,,,,,,,,,,,,,,,,,,
PIMENTÃO,FJG86/231,22.1,89,2.38,0.104,75300,887,2.268,119.9,33.45,1374.62,20.75,72.6,4.4,111,2.4,1,1.06,0.6,5,4,23.2,17.2,9.06,0.71,0.22,88.1,0.007,1.48,0.1133,1.24,2.32,0.31,5.8,0.2,0.6,41,2.05,1.43,8.6,26.7,0.039,0.035,1.3,43,0.51,25.98,128,,,,,,,,,,,,,,,,,,,,,,,,,,,,,,,,,,,,,,,,,,,,,,,,,,,,,,,,,,,,,,,,,,,,,,,,,,,,,,,,,,,,,,,,,,,
PIMENTÃO,FJG86/232,32.6,81.8,1.19,0.052,79900,2027,3.191,741.3,44.91,1355.03,25.16,41,2.5,111,1.3,0.5,0.48,0.3,2.8,4,13.6,6.4,6.05,0.41,0.13,36.2,0.002,1.05,0.1292,0.78,0.99,0.93,2.9,0.05,1.14,22,2.67,0.71,6.5,12.5,0.015,0.04,1.4,48,0.51,25.17,64,,,,,,,,,,,,,,,,,,,,,,,,,,,,,,,,,,,,,,,,,,,,,,,,,,,,,,,,,,,,,,,,,,,,,,,,,,,,,,,,,,,,,,,,,,,
PIMENTÃO,FJG86/233,20.6,79.4,1.18,0.043,73100,856,2.266,48,28.96,1576.57,17.47,35.9,2.3,111,1.4,1,0.32,0.3,3.8,4.8,15.2,4.7,5.72,0.42,0.17,32.2,0.001,0.82,0.1388,0.79,1.17,0.35,2.9,0.1,0.75,21,3.74,0.67,5.4,11.7,0.045,0.035,0.9,78,0.65,22.36,60,,,,,,,,,,,,,,,,,,,,,,,,,,,,,,,,,,,,,,,,,,,,,,,,,,,,,,,,,,,,,,,,,,,,,,,,,,,,,,,,,,,,,,,,,,,
PIMENTÃO,FJG86/237,19.9,89.8,2.2,0.097,75100,1774,1.424,4.4,29.27,1315.8,9.05,92.8,2.3,111,2.3,1,0.91,0.6,12.6,8.3,26.9,22.7,9.17,0.67,0.16,71.3,0.006,1.21,0.1067,1.52,2.06,0.1,5.2,0.2,1.61,39,4.63,1.08,9.4,19.1,0.059,0.03,1.1,51,0.44,24.83,111,,,,,,,,,,,,,,,,,,,,,,,,,,,,,,,,,,,,,,,,,,,,,,,,,,,,,,,,,,,,,,,,,,,,,,,,,,,,,,,,,,,,,,,,,,,
PIMENTÃO,FJG86/252,17.3,88.8,0.72,0.036,63200,712,2.481,1.5,18.01,2873.88,4.74,54.8,0.7,111,1,0.5,0.22,0.2,1.3,4.7,12,6.5,2.51,0.3,0.08,17.6,0.001,0.99,0.1276,1.21,1.02,0.06,2.8,0.05,1.16,16,3.4,0.25,5.4,6.1,0.013,0.055,1.1,16,0.47,21.67,54,,,,,,,,,,,,,,,,,,,,,,,,,,,,,,,,,,,,,,,,,,,,,,,,,,,,,,,,,,,,,,,,,,,,,,,,,,,,,,,,,,,,,,,,,,,
PIMENTÃO,FJG86/253,27.6,93.9,1.56,0.068,76600,531,2.687,358.2,20.45,2229.01,7.27,77.8,2.4,111,1.6,0.5,0.66,0.4,7,4.1,19.4,14.2,5.6,0.56,0.12,53.1,0.001,1.18,0.0818,1.31,1.52,1.14,4.2,0.1,1.87,29,2.2,0.86,6.7,17.4,0.023,0.036,1.1,53,0.43,24.58,81,,,,,,,,,,,,,,,,,,,,,,,,,,,,,,,,,,,,,,,,,,,,,,,,,,,,,,,,,,,,,,,,,,,,,,,,,,,,,,,,,,,,,,,,,,,
PIMENTÃO,FJG86/254,30.4,124.6,1.89,0.063,100000,144,2.352,601.8,12.37,2222.91,8.17,64.6,2.9,111,1.2,0.5,0.47,0.3,5.1,3.4,16.1,7.9,6.47,0.53,0.11,44.1,0.001,1.18,0.0995,0.83,1.48,0.64,3.8,0.1,1.19,29,2.26,0.92,6.1,14.5,0.106,0.036,1,42,0.41,32.22,67,,,,,,,,,,,,,,,,,,,,,,,,,,,,,,,,,,,,,,,,,,,,,,,,,,,,,,,,,,,,,,,,,,,,,,,,,,,,,,,,,,,,,,,,,,,
PIMENTÃO,FJG86/255,23.7,113.5,1.12,0.05,80900,289,2.275,6.8,27.43,1867.59,12.61,39.1,1.8,111,1,1,0.34,0.2,2.4,4.5,12.8,7.6,3.62,0.32,0.09,27.6,0.001,1.52,0.1609,0.81,1.24,0.12,3.6,0.05,0.48,23,3.5,0.49,4.7,10,0.044,0.047,0.7,44,0.45,30.22,57,,,,,,,,,,,,,,,,,,,,,,,,,,,,,,,,,,,,,,,,,,,,,,,,,,,,,,,,,,,,,,,,,,,,,,,,,,,,,,,,,,,,,,,,,,,
PIMENTÃO,FJG86/256,23.3,110,1.47,0.069,78100,209,2.696,77.2,19.8,1907.69,11.49,57.6,3,111,1.7,0.5,0.45,0.3,6,5.2,16.7,7.4,5.26,0.45,0.1,39.6,0.004,1.22,0.1236,0.92,1.59,0.32,4.1,0.2,0.26,31,3.32,0.73,7.2,14.4,0.027,0.044,1.2,61,0.52,28.1,84,,,,,,,,,,,,,,,,,,,,,,,,,,,,,,,,,,,,,,,,,,,,,,,,,,,,,,,,,,,,,,,,,,,,,,,,,,,,,,,,,,,,,,,,,,,
PIMENTÃO,FJG86/257,22.5,111.9,1.42,0.066,76800,73,2.075,2.7,18.26,1486.54,12.01,38.6,2.7,111,1.7,0.5,0.39,0.3,4.5,3.2,18.3,7.6,5.04,0.48,0.09,39.2,0.001,1.13,0.0983,0.99,1.43,0.11,3.9,0.1,0.29,31,2.26,0.79,5.4,13,0.04,0.03,0.5,28,0.36,28.59,86,,,,,,,,,,,,,,,,,,,,,,,,,,,,,,,,,,,,,,,,,,,,,,,,,,,,,,,,,,,,,,,,,,,,,,,,,,,,,,,,,,,,,,,,,,,
PIMENTÃO,FJG86/258,28.2,139.8,1.07,0.064,100000,61,2.428,4.1,22.49,1819.63,13.66,33.7,2.3,111,4.6,1,0.31,0.6,5.9,7.5,29.9,5.9,3.93,0.83,0.1,27.5,0.001,1.02,0.1325,1.47,2.39,0.13,3.7,0.2,1.23,21,3.9,0.54,21,9,0.019,0.039,1.2,49,0.65,34.2,88,,,,,,,,,,,,,,,,,,,,,,,,,,,,,,,,,,,,,,,,,,,,,,,,,,,,,,,,,,,,,,,,,,,,,,,,,,,,,,,,,,,,,,,,,,,
PIMENTÃO,FJG86/259,22.5,105.9,1.1,0.056,83000,28,2.665,4.5,16.13,2004.82,11.82,37.1,1.5,111,1.7,0.5,0.29,0.3,4.7,5.7,16.5,5.6,4.38,0.5,0.12,25,0.003,1.18,0.144,0.93,1.39,0.12,3.4,0.1,0.94,22,4.08,0.5,10.5,5.5,0.026,0.047,0.8,50,0.56,26.6,67,,,,,,,,,,,,,,,,,,,,,,,,,,,,,,,,,,,,,,,,,,,,,,,,,,,,,,,,,,,,,,,,,,,,,,,,,,,,,,,,,,,,,,,,,,,
PIMENTÃO,FJG86/261,16.9,80.7,2.67,0.108,64700,22,2.152,1.8,9.86,1543.84,10.33,78.1,4,111,2,1,1.23,0.5,3.2,4.3,23.1,17.6,9.09,0.68,0.16,99.7,0.003,1.71,0.1035,1.2,1.77,0.11,6.2,0.1,0.17,50,2.33,1.53,8.3,27.7,0.017,0.029,1.4,64,0.45,23.36,129,,,,,,,,,,,,,,,,,,,,,,,,,,,,,,,,,,,,,,,,,,,,,,,,,,,,,,,,,,,,,,,,,,,,,,,,,,,,,,,,,,,,,,,,,,,
PIMENTÃO,FJG86/262,21.2,104,1.6,0.072,76100,52,2.18,3.1,13.12,1953.25,10.63,49,3.2,111,1.6,0.5,0.49,0.3,5,3.5,18.1,6.6,5.67,0.47,0.12,44.6,0.001,1.33,0.1367,0.98,1.34,0.12,4.1,0.1,0.57,36,2.57,0.87,6.4,14.1,0.012,0.032,1.3,62,0.49,27.44,80,,,,,,,,,,,,,,,,,,,,,,,,,,,,,,,,,,,,,,,,,,,,,,,,,,,,,,,,,,,,,,,,,,,,,,,,,,,,,,,,,,,,,,,,,,,
PIMENTÃO,FJG86/263,21.2,106.4,1.38,0.053,78400,45,2.457,2.9,15.35,2079.2,12.67,42.3,2.8,111,1.2,2,0.34,0.2,6.1,3.2,13,3.8,5.08,0.37,0.09,27.8,0.001,1.22,0.1303,0.87,1.19,0.14,4.1,0.05,0.32,29,2.52,0.61,4.6,8,0.018,0.036,1,56,0.6,28.54,65,,,,,,,,,,,,,,,,,,,,,,,,,,,,,,,,,,,,,,,,,,,,,,,,,,,,,,,,,,,,,,,,,,,,,,,,,,,,,,,,,,,,,,,,,,,
PIMENTÃO,FJG86/264,22.9,112.4,1.24,0.057,86200,47,2.763,2.9,15.96,2341.6,11.05,46.4,2.7,111,1.4,1,0.35,0.2,23.3,3.1,15.3,5.8,4.4,0.49,0.09,27.8,0.005,1.15,0.1071,1.01,1.2,0.13,3.5,0.1,0.46,28,2.38,0.58,7,10,0.011,0.037,1.1,58,0.63,28.73,69,,,,,,,,,,,,,,,,,,,,,,,,,,,,,,,,,,,,,,,,,,,,,,,,,,,,,,,,,,,,,,,,,,,,,,,,,,,,,,,,,,,,,,,,,,,
PIMENTÃO,FJG86/265,19.7,100.5,1.58,0.055,76500,101,1.834,2.1,12.79,1554.85,11.74,48.8,3,111,1.2,2,0.46,0.3,4.7,3.8,15.3,8.6,4.95,0.36,0.13,42.8,0.007,1.24,0.1198,0.97,1.12,0.1,3.8,0.05,0.32,34,2.66,0.79,5.8,13.9,0.05,0.031,1,53,0.55,27.48,71,,,,,,,,,,,,,,,,,,,,,,,,,,,,,,,,,,,,,,,,,,,,,,,,,,,,,,,,,,,,,,,,,,,,,,,,,,,,,,,,,,,,,,,,,,,
PIMENTÃO,FJG86/267,20.1,101.4,0.83,0.033,76400,2393,2.23,27.2,19.04,1918.23,7.74,43.5,1.5,111,0.7,0.5,0.41,0.2,12.3,3.1,8.2,9.2,3.76,0.21,0.1,30.3,0.001,0.88,0.0953,0.95,0.75,0.12,2.3,0.05,0.37,16,2.34,0.46,3.5,6.6,0.01,0.028,1.2,32,0.48,30.95,52,,,,,,,,,,,,,,,,,,,,,,,,,,,,,,,,,,,,,,,,,,,,,,,,,,,,,,,,,,,,,,,,,,,,,,,,,,,,,,,,,,,,,,,,,,,
PIMENTÃO,FJG88/184,17.6,60.4,0.68,0.018,56200,1703,0.989,1.4,15.12,1021.92,4.69,82.3,1.4,111,0.5,0.5,0.21,0.05,1.2,4.4,4.1,29.7,4.24,0.12,0.08,33.5,0.001,0.61,0.0974,1.2,0.46,0.36,1.2,0.05,0.98,12,5.89,0.29,3.7,1.5,0.068,0.031,1.2,30,0.38,30.55,41,,,,,,,,,,,,,,,,,,,,,,,,,,,,,,,,,,,,,,,,,,,,,,,,,,,,,,,,,,,,,,,,,,,,,,,,,,,,,,,,,,,,,,,,,,,
PIMENTÃO,FJG90/239,14.8,84.8,2.35,0.095,83000,4307,1.355,970.3,25.63,966.38,4.82,137.8,3.3,111,1.9,1,1.87,0.5,0.7,4.7,27.4,51.9,7.62,0.75,0.13,129.1,0.001,1.4,0.1107,0.57,2.22,0.86,5,0.2,3.37,35,1.85,1.48,6.1,16.1,0.14,0.027,0.6,70,0.44,26.82,111,,,,,,,,,,,,,,,,,,,,,,,,,,,,,,,,,,,,,,,,,,,,,,,,,,,,,,,,,,,,,,,,,,,,,,,,,,,,,,,,,,,,,,,,,,,
PIMENTÃO,FJG90/241,16,78.1,2.19,0.077,90700,2306,1.222,1767.1,12.4,985.77,6.11,131.2,2.5,111,1.6,2,1.46,0.4,2.4,5.3,20.4,38.8,6.78,0.53,0.16,99.9,0.003,1.5,0.1611,0.53,1.67,1.69,4.5,0.1,1.25,33,2.7,0.97,6.3,9.2,0.278,0.022,2.2,72,0.52,26.21,86,,,,,,,,,,,,,,,,,,,,,,,,,,,,,,,,,,,,,,,,,,,,,,,,,,,,,,,,,,,,,,,,,,,,,,,,,,,,,,,,,,,,,,,,,,,
PIMENTÃO,FJG92/129,55.2,203,2.39,0.107,59300,1541,1.38,7.6,31.27,1391.88,8.89,138.8,2,111,2.1,0.5,0.79,0.5,1.5,11.6,24.4,29.1,5.75,0.68,0.14,67.4,0.005,1.06,0.1115,0.61,2.51,0.17,6.5,0.2,0.86,39,4.71,0.97,20.1,11.9,0.238,0.039,0.5,76,0.39,23.99,130,,,,,,,,,,,,,,,,,,,,,,,,,,,,,,,,,,,,,,,,,,,,,,,,,,,,,,,,,,,,,,,,,,,,,,,,,,,,,,,,,,,,,,,,,,,
PIMENTÃO,FJG101/123,8.3,50,0.92,0.054,5700,509,0.11,26.7,2.7,43.3,2.27,195.2,1.7,11,0.6,0.5,0.29,0.2,0.5,4.8,10.2,11.9,3.64,0.29,0.16,21.5,0.001,1.58,0.1237,0.35,0.83,0.26,3.1,0.05,0.21,21,2.2,0.27,3.1,3.4,0.023,0.038,0.15,35,0.27,26.88,48,,,,,,,,,,,,,,,,,,,,,,,,,,,,,,,,,,,,,,,,,,,,,,,,,,,,,,,,,,,,,,,,,,,,,,,,,,,,,,,,,,,,,,,,,,,
PIMENTÃO,FJG101/127,10.6,63,1.82,0.081,2900,43,0.045,1.4,0.38,67.21,4.46,480.2,4.2,11,1.9,0.5,0.43,0.5,0.2,6.3,20.5,34.2,7.35,0.53,0.48,43.9,0.001,1.65,0.2116,0.86,1.78,0.39,4.3,0.1,0.15,28,2.68,0.47,7.5,5.4,0.103,0.03,0.5,80,0.53,26.95,99,,,,,,,,,,,,,,,,,,,,,,,,,,,,,,,,,,,,,,,,,,,,,,,,,,,,,,,,,,,,,,,,,,,,,,,,,,,,,,,,,,,,,,,,,,,
PIMENTÃO,FJG101/128,11.1,82.5,1.91,0.076,2100,49,0.044,12.6,0.45,42.37,3.1,519,3.4,11,1.7,0.5,0.42,0.5,0.5,5.9,21.3,27.6,8.05,0.62,0.77,42.1,0.001,1.55,0.2294,0.95,1.64,0.42,4.4,0.2,0.08,29,2.93,0.41,6.8,5.2,0.048,0.036,0.15,68,0.61,28.24,82,,,,,,,,,,,,,,,,,,,,,,,,,,,,,,,,,,,,,,,,,,,,,,,,,,,,,,,,,,,,,,,,,,,,,,,,,,,,,,,,,,,,,,,,,,,
PIMENTÃO,FJG101/133,10.3,66.6,1.52,0.062,2600,27,0.056,1.9,0.34,65.66,2.7,252.8,5.1,11,1.4,0.5,0.33,0.4,0.2,6.1,16.9,27.8,7.74,0.46,0.42,36.1,0.004,1.19,0.1426,1.07,1.37,0.47,3.5,0.05,0.09,26,2.38,0.36,4.8,3.7,0.064,0.033,0.15,62,0.24,32.67,70,,,,,,,,,,,,,,,,,,,,,,,,,,,,,,,,,,,,,,,,,,,,,,,,,,,,,,,,,,,,,,,,,,,,,,,,,,,,,,,,,,,,,,,,,,,
PIMENTÃO,FJG101/134,19.2,125.8,2.47,0.108,5300,99,0.075,2.1,0.72,95.38,4.27,231.3,3.3,11,2.5,0.5,0.42,0.6,0.3,9.8,32.4,29.1,12.86,0.75,0.45,42.7,0.004,1.65,0.22,1.44,2.78,0.35,7.1,0.2,0.18,43,3.74,0.46,9.4,4.6,0.029,0.037,0.9,60,0.44,24.54,119,,,,,,,,,,,,,,,,,,,,,,,,,,,,,,,,,,,,,,,,,,,,,,,,,,,,,,,,,,,,,,,,,,,,,,,,,,,,,,,,,,,,,,,,,,,
PIMENTÃO,FJG105/186,7.6,18.7,0.46,0.02,4300,517,0.128,2.3,1.81,18.74,2.9,128.6,1.6,11,0.4,0.5,0.18,0.1,0.7,4.4,4.9,21.7,3.45,0.13,0.13,28.1,0.003,0.89,0.0852,0.32,0.56,0.49,0.9,0.05,0.12,11,3.27,0.25,2.4,0.9,0.048,0.034,0.15,32,0.24,32.45,26,,,,,,,,,,,,,,,,,,,,,,,,,,,,,,,,,,,,,,,,,,,,,,,,,,,,,,,,,,,,,,,,,,,,,,,,,,,,,,,,,,,,,,,,,,,
PIMENTÃO,FJG109/166,11,78.9,2.24,0.093,3100,299,0.04,960.4,1.11,14.76,3.98,446.2,2.1,11,2,0.5,0.54,0.5,0.7,5.8,24.2,42.8,7.77,0.64,0.46,47.4,0.004,1.61,0.2104,0.43,1.96,0.32,5.6,0.2,0.1,35,1.59,0.62,7.2,9.2,0.53,0.033,0.9,92,0.38,26.56,93,,,,,,,,,,,,,,,,,,,,,,,,,,,,,,,,,,,,,,,,,,,,,,,,,,,,,,,,,,,,,,,,,,,,,,,,,,,,,,,,,,,,,,,,,,,
PIMENTÃO,FJG109/167,8.1,43.3,1.44,0.058,8300,1640,0.118,7251,6.43,17.91,4.34,289.3,1.5,11,1,0.5,0.24,0.4,7.2,5.4,12.9,18.2,6.51,0.39,0.25,21.5,0.001,1.11,0.1742,0.63,0.94,1.84,3.1,0.1,0.45,21,2.44,0.27,3.7,4.4,0.388,0.03,0.5,36,0.29,26.31,58,,,,,,,,,,,,,,,,,,,,,,,,,,,,,,,,,,,,,,,,,,,,,,,,,,,,,,,,,,,,,,,,,,,,,,,,,,,,,,,,,,,,,,,,,,,
PIMENTÃO,FJG109/168,11.6,74.6,2.85,0.092,3600,185,0.073,1685.1,0.7,11.57,3.18,411.5,2.9,11,1.8,0.5,0.74,0.5,0.2,5.5,22.8,48.5,8.81,0.74,0.42,62.9,0.004,1.64,0.1619,0.76,1.89,0.49,4.9,0.2,0.14,33,1.52,0.78,4.3,14.4,0.306,0.032,0.15,94,0.27,25.32,70,,,,,,,,,,,,,,,,,,,,,,,,,,,,,,,,,,,,,,,,,,,,,,,,,,,,,,,,,,,,,,,,,,,,,,,,,,,,,,,,,,,,,,,,,,,
PIMENTÃO,FJG109/169,8.8,52.3,2.87,0.119,20900,1762,0.317,390.7,7.59,142.13,6.49,311.3,3,11,2.2,0.5,1.71,0.6,0.3,8.2,29.9,78.3,8.91,0.86,0.31,127.7,0.003,1.92,0.192,0.61,3.17,0.28,5.6,0.3,0.42,34,3.29,1.35,6.7,14,0.239,0.029,0.4,120,0.58,22.46,115,,,,,,,,,,,,,,,,,,,,,,,,,,,,,,,,,,,,,,,,,,,,,,,,,,,,,,,,,,,,,,,,,,,,,,,,,,,,,,,,,,,,,,,,,,,
PIMENTÃO,FJG109/173,7.4,31.4,0.65,0.028,2500,315,0.076,1.9,1.45,13.46,3.05,121.9,1.5,11,0.5,0.5,0.33,0.1,0.5,8.5,5.9,19.6,3.77,0.15,0.17,28.1,0.001,1.41,0.1517,0.26,0.55,0.27,1.8,0.05,0.15,12,3.83,0.28,5.3,2.4,0.079,0.039,0.15,36,0.3,24.9,27,,,,,,,,,,,,,,,,,,,,,,,,,,,,,,,,,,,,,,,,,,,,,,,,,,,,,,,,,,,,,,,,,,,,,,,,,,,,,,,,,,,,,,,,,,,
PIMENTÃO,FJG109/175,3.3,15.4,0.38,0.014,1600,94,0.049,5.6,0.65,17.49,3.88,70.3,2,11,0.3,0.5,0.17,0.05,4,3.8,4.1,8,2.59,0.09,0.12,12.8,0.001,0.53,0.05,0.43,0.41,0.22,1,0.05,0.18,6,2.96,0.14,2,1.4,0.075,0.028,0.5,17,0.31,32.38,18,,,,,,,,,,,,,,,,,,,,,,,,,,,,,,,,,,,,,,,,,,,,,,,,,,,,,,,,,,,,,,,,,,,,,,,,,,,,,,,,,,,,,,,,,,,
PIMENTÃO,FJG109/179,11.6,80.2,1.74,0.075,3200,132,0.056,1883.5,0.63,39.54,4.53,302.2,2.7,11,1.9,0.5,0.28,0.5,52,7.8,22.1,28,6.63,0.63,0.23,34.3,0.003,1.54,0.192,1.63,1.65,0.7,4.8,0.1,0.58,26,3.69,0.38,6.7,7.2,0.139,0.028,0.3,65,0.51,24.68,80,,,,,,,,,,,,,,,,,,,,,,,,,,,,,,,,,,,,,,,,,,,,,,,,,,,,,,,,,,,,,,,,,,,,,,,,,,,,,,,,,,,,,,,,,,,
PIMENTÃO,FJG109/181,9.3,70.4,2.3,0.089,1600,42,0.046,338.5,0.25,17.65,3.96,445.4,4.4,11,1.9,0.5,0.4,0.5,0.5,5.8,26.4,52.7,7.76,0.66,0.41,53,0.001,1.49,0.1677,0.98,2.19,0.65,4.7,0.2,0.05,33,1.66,0.65,6.5,8.3,0.281,0.028,1,100,0.32,27.2,104,,,,,,,,,,,,,,,,,,,,,,,,,,,,,,,,,,,,,,,,,,,,,,,,,,,,,,,,,,,,,,,,,,,,,,,,,,,,,,,,,,,,,,,,,,,
PIMENTÃO,FJG109/182,14.8,98.1,2.3,0.107,2400,52,0.052,188.8,0.41,38.58,4.64,894.7,5.6,11,2.4,0.5,0.43,0.6,0.6,8.4,33,51,9.44,0.94,0.62,56.4,0.001,1.51,0.2168,1.73,2.42,0.56,5.9,0.2,0.24,32,2.64,0.66,9.9,8.3,0.229,0.032,0.4,99,0.45,24.89,98,,,,,,,,,,,,,,,,,,,,,,,,,,,,,,,,,,,,,,,,,,,,,,,,,,,,,,,,,,,,,,,,,,,,,,,,,,,,,,,,,,,,,,,,,,,
PIMENTÃO,FJG109/183,10.8,54,1.13,0.048,1700,36,0.052,94.7,0.28,31.54,4.47,686.1,4.9,11,1.5,0.5,0.18,0.3,0.4,6.4,12.3,23.1,5.11,0.34,0.24,27.2,0.003,1.2,0.212,1.34,1.11,0.49,3,0.05,0.36,18,3.35,0.28,7.8,3.6,0.226,0.035,0.15,43,0.47,28.25,59,,,,,,,,,,,,,,,,,,,,,,,,,,,,,,,,,,,,,,,,,,,,,,,,,,,,,,,,,,,,,,,,,,,,,,,,,,,,,,,,,,,,,,,,,,,
PIMENTÃO,FJG109/186,8.4,42.7,1.09,0.046,1600,36,0.049,2,0.35,35.54,3.62,289.2,3.2,11,1.1,0.5,0.17,0.3,0.3,6.5,15.2,23.4,6.07,0.39,0.3,28,0.001,0.9,0.1735,1.15,1.18,0.3,2.5,0.05,0.06,14,2.73,0.29,4.8,2.7,0.138,0.035,0.15,43,0.45,29.88,44,,,,,,,,,,,,,,,,,,,,,,,,,,,,,,,,,,,,,,,,,,,,,,,,,,,,,,,,,,,,,,,,,,,,,,,,,,,,,,,,,,,,,,,,,,,
PIMENTÃO,FJG109/189,23.4,128,2.83,0.141,3800,60,0.064,43.3,0.61,59.31,6.1,321.6,2.4,11,3.7,0.5,0.57,1,0.4,10.6,41.5,34.1,13.4,1.17,0.48,52.9,0.001,1.76,0.2708,2.15,3.08,0.31,7.8,0.2,0.8,47,4.76,0.59,13.8,9,0.028,0.038,0.15,90,0.62,24.53,128,,,,,,,,,,,,,,,,,,,,,,,,,,,,,,,,,,,,,,,,,,,,,,,,,,,,,,,,,,,,,,,,,,,,,,,,,,,,,,,,,,,,,,,,,,,
PIMENTÃO,FJG109/191,4.1,24.4,0.49,0.022,1500,48,0.034,0.6,0.17,23.67,3.6,116.5,1.9,11,0.6,0.5,0.025,0.2,0.3,7.7,6.8,2.6,3.08,0.15,0.23,3.7,0.001,0.47,0.1144,0.88,0.49,0.17,1.4,0.05,0.13,8,5.6,0.03,6,1.3,0.008,0.028,0.15,5,0.37,31.07,32,,,,,,,,,,,,,,,,,,,,,,,,,,,,,,,,,,,,,,,,,,,,,,,,,,,,,,,,,,,,,,,,,,,,,,,,,,,,,,,,,,,,,,,,,,,
PIMENTÃO,FJG109/192,18.6,90.2,1.91,0.067,40100,2211,0.455,210,11.68,455,6.46,210.5,1.5,11,1.7,0.5,0.38,0.5,0.3,9.7,17.8,14.9,7.62,0.48,0.38,35.6,0.005,1.17,0.2029,0.95,1.6,0.31,4.2,0.1,0.81,35,5.39,0.41,7.4,3.6,0.017,0.052,1.8,52,0.49,23.37,64,,,,,,,,,,,,,,,,,,,,,,,,,,,,,,,,,,,,,,,,,,,,,,,,,,,,,,,,,,,,,,,,,,,,,,,,,,,,,,,,,,,,,,,,,,,
PIMENTÃO,FJG109/193,6.3,39.8,1.12,0.051,3800,58,0.051,50.6,0.51,52.04,2.43,189.7,2.5,11,1.2,0.5,0.16,0.4,1.5,7.4,14.4,11.6,9.85,0.33,0.41,18.3,0.001,0.81,0.17,0.99,1.08,0.27,3,0.05,0.16,18,3.83,0.18,6,2.1,0.021,0.044,0.15,21,0.34,30.27,55,,,,,,,,,,,,,,,,,,,,,,,,,,,,,,,,,,,,,,,,,,,,,,,,,,,,,,,,,,,,,,,,,,,,,,,,,,,,,,,,,,,,,,,,,,,
PIMENTÃO,FJG112/230,15,66.9,1.7,0.075,20000,1631,0.478,1009.4,6.63,134.69,6.81,336.8,2.4,11,1.7,0.5,0.73,0.4,3.8,6.3,21.2,51.9,8.83,0.46,0.27,73.6,0.002,1.51,0.2045,0.64,1.7,0.58,4.2,0.2,0.68,29,2.94,0.82,5.5,7,0.239,0.025,0.5,98,0.54,24.39,84,,,,,,,,,,,,,,,,,,,,,,,,,,,,,,,,,,,,,,,,,,,,,,,,,,,,,,,,,,,,,,,,,,,,,,,,,,,,,,,,,,,,,,,,,,,
PIMENTÃO,FJG112/231,17.1,109.5,2.71,0.114,3500,571,0.139,2682.1,2.41,10.84,5.19,385.2,2.8,11,2.6,0.5,1.02,0.6,0.4,6.3,26.6,63.2,10.92,0.6,0.34,102.6,0.001,1.66,0.1755,0.66,2.49,0.7,6.3,0.2,0.34,42,1.92,1.11,9.3,15.2,0.326,0.035,0.5,133,0.42,29.99,145,,,,,,,,,,,,,,,,,,,,,,,,,,,,,,,,,,,,,,,,,,,,,,,,,,,,,,,,,,,,,,,,,,,,,,,,,,,,,,,,,,,,,,,,,,,
PIMENTÃO,FJG112/232,17.7,104.4,1.95,0.075,2600,605,0.079,2395,2.1,11.96,5.61,278.9,2.4,11,1.7,0.5,0.58,0.5,0.4,6,21.7,38.8,8.73,0.51,0.31,59.2,0.001,1.4,0.2075,1.31,1.77,0.68,4.5,0.1,0.41,31,3.1,0.66,7.2,10,0.32,0.029,0.5,86,0.56,30.4,94,,,,,,,,,,,,,,,,,,,,,,,,,,,,,,,,,,,,,,,,,,,,,,,,,,,,,,,,,,,,,,,,,,,,,,,,,,,,,,,,,,,,,,,,,,,
PIMENTÃO,FJG112/237,9.8,61.9,1.46,0.064,4200,629,0.165,2600.9,2.01,37.5,5.5,183.4,3.1,11,1.5,0.5,0.52,0.3,0.6,6.6,19,35.4,8.31,0.5,0.42,54.4,0.001,1.09,0.1421,0.69,1.52,0.68,3.5,0.1,0.25,25,2.66,0.59,6,6.4,0.159,0.035,0.9,61,0.34,30.16,74,,,,,,,,,,,,,,,,,,,,,,,,,,,,,,,,,,,,,,,,,,,,,,,,,,,,,,,,,,,,,,,,,,,,,,,,,,,,,,,,,,,,,,,,,,,
PIMENTÃO,FJG112/238,16,76.6,1.54,0.069,9300,1063,0.39,4716.1,3.34,75.49,11.23,125.5,4.6,11,1.8,1,0.67,0.5,9.2,8.3,22.4,46.1,7.74,0.65,0.5,65,0.001,1.08,0.1184,0.83,1.94,1.05,4,0.1,0.45,25,4.24,0.7,6.3,6.8,0.19,0.038,0.8,83,0.52,26.75,80,,,,,,,,,,,,,,,,,,,,,,,,,,,,,,,,,,,,,,,,,,,,,,,,,,,,,,,,,,,,,,,,,,,,,,,,,,,,,,,,,,,,,,,,,,,
PIMENTÃO,FJG112/241,3.7,19.3,0.44,0.024,2800,721,0.162,9,2.15,23.36,4.22,147.1,2.3,11,0.6,0.5,0.4,0.1,0.4,5,5.9,11,5.24,0.15,0.19,30.3,0.001,0.5,0.1251,0.57,0.6,0.22,1.4,0.05,0.1,10,2.75,0.3,3.4,2.2,0.009,0.026,0.15,20,0.49,37.65,26,,,,,,,,,,,,,,,,,,,,,,,,,,,,,,,,,,,,,,,,,,,,,,,,,,,,,,,,,,,,,,,,,,,,,,,,,,,,,,,,,,,,,,,,,,,
PIMENTÃO,FJG115/196,3,26,0.75,0.03,5800,1241,0.162,1.1,3.89,48.41,4.33,162.6,1.4,21,1.3,0.5,0.53,0.5,0.3,3.4,7.3,17.9,8.81,0.2,0.18,38.8,0.002,0.99,0.0972,0.39,0.71,0.2,2,0.05,0.16,13,1.4,0.43,2.3,3.7,0.073,0.031,0.3,30,0.33,32.46,29,,,,,,,,,,,,,,,,,,,,,,,,,,,,,,,,,,,,,,,,,,,,,,,,,,,,,,,,,,,,,,,,,,,,,,,,,,,,,,,,,,,,,,,,,,,
PIMENTÃO,FJG115/198,5.2,32.5,0.76,0.03,4000,1399,0.109,1.7,4.26,33.43,3.46,144.9,1.3,25,0.8,0.5,0.56,0.2,0.4,3.9,7.8,20.5,5.71,0.2,0.2,38.6,0.001,0.98,0.1052,0.17,0.69,0.23,1.8,0.05,0.14,12,1.93,0.46,3.9,4.2,0.039,0.036,0.15,31,0.37,32.28,33,,,,,,,,,,,,,,,,,,,,,,,,,,,,,,,,,,,,,,,,,,,,,,,,,,,,,,,,,,,,,,,,,,,,,,,,,,,,,,,,,,,,,,,,,,,
PIMENTÃO,FJG115/199,8,62.2,1.3,0.052,4300,712,0.061,2173.1,2.46,23.45,4.22,192.1,1.4,33,1.4,0.5,0.5,0.4,0.4,5.3,15.7,32,5.86,0.34,0.22,41.8,0.003,1.18,0.1808,0.64,1.39,0.63,3.3,0.1,0.11,23,3.36,0.47,6.1,5.9,0.079,0.031,0.15,49,0.54,25.72,63,,,,,,,,,,,,,,,,,,,,,,,,,,,,,,,,,,,,,,,,,,,,,,,,,,,,,,,,,,,,,,,,,,,,,,,,,,,,,,,,,,,,,,,,,,,
PIMENTÃO,FJG115/201,9.1,66.8,1.87,0.068,1500,94,0.033,1424,0.38,4.8,2.22,344.9,2.3,23,1.6,0.5,0.24,0.5,0.3,5.6,20.7,22.6,6.14,0.53,0.25,19,0.001,1.43,0.1789,1.45,1.68,0.46,4.7,0.1,0.025,31,2.09,0.27,5.4,6.6,0.042,0.029,0.15,47,0.4,22.89,80,,,,,,,,,,,,,,,,,,,,,,,,,,,,,,,,,,,,,,,,,,,,,,,,,,,,,,,,,,,,,,,,,,,,,,,,,,,,,,,,,,,,,,,,,,,
PIMENTÃO,FJG115/202,9.7,72.2,1.96,0.071,2200,172,0.043,1910.7,0.67,7.88,3.8,444.3,2.7,38,1.7,0.5,0.35,0.5,2.2,6.5,26.6,30,8.36,0.79,0.31,30.1,0.001,1.49,0.2198,1.28,1.98,0.55,4.8,0.2,0.17,31,3.18,0.37,6.2,7.3,0.132,0.028,0.15,53,0.59,26.25,75,,,,,,,,,,,,,,,,,,,,,,,,,,,,,,,,,,,,,,,,,,,,,,,,,,,,,,,,,,,,,,,,,,,,,,,,,,,,,,,,,,,,,,,,,,,
PIMENTÃO,FJG115/203,9.8,67.7,1.75,0.067,2400,375,0.046,2255.6,1.79,6.53,2.87,492.6,2.2,27,1.7,0.5,0.44,0.5,5.7,5.8,21.8,37.2,7.98,0.62,0.45,39.2,0.004,1.41,0.1996,1.11,1.78,0.65,4.1,0.1,0.21,28,2.25,0.45,7.4,7.6,0.097,0.03,0.15,64,0.43,24.58,75,,,,,,,,,,,,,,,,,,,,,,,,,,,,,,,,,,,,,,,,,,,,,,,,,,,,,,,,,,,,,,,,,,,,,,,,,,,,,,,,,,,,,,,,,,,
PIMENTÃO,FJG40/171,4.6,29.5,0.73,0.034,3500,1442,0.138,2.4,4.07,40.31,4.09,135.6,1.6,111,0.6,0.5,0.63,0.05,0.7,5.2,7.4,19.2,4.64,0.17,0.12,49,0.001,1.18,0.1002,0.94,0.7,0.21,1.9,0.05,0.16,12,2.75,0.48,3.3,4.7,0.013,0.033,0.5,42,0.29,30.05,38,,,,,,,,,,,,,,,,,,,,,,,,,,,,,,,,,,,,,,,,,,,,,,,,,,,,,,,,,,,,,,,,,,,,,,,,,,,,,,,,,,,,,,,,,,,
PIMENTÃO,FJG40/185,2.6,18.8,0.39,0.018,2300,790,0.151,2.6,2.51,32.48,3.34,114.9,1.9,111,0.4,0.5,0.34,0.2,0.4,4.1,4.3,9.7,5.63,0.13,0.17,24.6,0.001,0.69,0.0677,0.93,0.38,0.26,0.7,0.05,0.2,8,2.11,0.23,2,1.9,0.01,0.031,0.15,17,0.34,34.22,27,,,,,,,,,,,,,,,,,,,,,,,,,,,,,,,,,,,,,,,,,,,,,,,,,,,,,,,,,,,,,,,,,,,,,,,,,,,,,,,,,,,,,,,,,,,
PIMENTÃO,FJG40/186,3.3,18.9,0.46,0.022,3400,703,0.182,2.6,2.69,57,3.48,110.4,1.8,111,0.4,0.5,0.31,0.1,0.5,3.9,4.5,10.4,6.39,0.13,0.13,21.2,0.001,0.79,0.0931,0.94,0.51,0.3,1.2,0.05,0.1,10,2.14,0.25,2.2,1.6,0.019,0.031,0.15,19,0.27,34.34,30,,,,,,,,,,,,,,,,,,,,,,,,,,,,,,,,,,,,,,,,,,,,,,,,,,,,,,,,,,,,,,,,,,,,,,,,,,,,,,,,,,,,,,,,,,,
PIMENTÃO,FJG40/191,3.9,36.6,0.51,0.022,4200,1067,0.166,2.5,3.29,55.45,2.96,142.5,1.8,111,0.5,0.5,0.38,0.1,0.2,4.2,5.4,12.3,5.1,0.16,0.19,27.2,0.001,0.89,0.0694,0.66,0.45,0.2,1.3,0.05,0.21,12,2.05,0.29,2.2,1.8,0.011,0.029,0.15,23,0.32,35,29,,,,,,,,,,,,,,,,,,,,,,,,,,,,,,,,,,,,,,,,,,,,,,,,,,,,,,,,,,,,,,,,,,,,,,,,,,,,,,,,,,,,,,,,,,,
PIMENTÃO,FJG47/127,3.5,22.9,0.4,0.017,7600,551,0.098,1.8,1.63,62.61,2.03,125.1,1.6,111,0.3,0.5,0.19,0.05,0.4,3.7,4,11.8,3.55,0.08,0.13,18.7,0.009,0.85,0.0812,0.76,0.36,0.32,1,0.05,0.1,12,2.55,0.17,3.1,1.3,0.019,0.03,0.6,18,0.32,31.84,26,,,,,,,,,,,,,,,,,,,,,,,,,,,,,,,,,,,,,,,,,,,,,,,,,,,,,,,,,,,,,,,,,,,,,,,,,,,,,,,,,,,,,,,,,,,
PIMENTÃO,FJG47/146,3.1,16.6,0.36,0.016,2200,294,0.099,2.5,1.34,30.24,1.84,81.3,1.5,111,0.3,0.5,0.25,0.05,0.2,3,4.8,10.5,4.07,0.14,0.17,20.1,0.005,0.51,0.1096,0.47,0.48,0.14,1.5,0.05,0.11,10,2.7,0.18,1.8,1.5,0.009,0.023,0.3,9,0.31,35,22,,,,,,,,,,,,,,,,,,,,,,,,,,,,,,,,,,,,,,,,,,,,,,,,,,,,,,,,,,,,,,,,,,,,,,,,,,,,,,,,,,,,,,,,,,,
PIMENTÃO,FJG47/155,6.5,34.7,0.57,0.025,3900,451,0.108,2.5,2.24,55.37,2.29,124,2.2,111,0.9,0.5,0.31,0.2,0.3,4,12.6,12.2,5.06,0.29,0.16,24.3,0.001,0.67,0.1354,1.05,0.8,0.19,1.5,0.05,0.24,13,2.18,0.25,4,2,0.008,0.029,0.15,19,0.15,33.82,33,,,,,,,,,,,,,,,,,,,,,,,,,,,,,,,,,,,,,,,,,,,,,,,,,,,,,,,,,,,,,,,,,,,,,,,,,,,,,,,,,,,,,,,,,,,
PIMENTÃO,FJG47/156,7.3,42.1,0.66,0.029,2100,545,0.074,2.4,1.58,42.9,3,121.2,1.8,111,0.7,0.5,0.37,0.2,0.4,3.9,11.3,15.1,6.36,0.22,0.29,29.2,0.005,0.79,0.1721,0.82,0.85,0.19,1.8,0.05,0.025,14,2.82,0.27,3.4,1.9,0.014,0.039,0.15,23,0.2,33.61,39,,,,,,,,,,,,,,,,,,,,,,,,,,,,,,,,,,,,,,,,,,,,,,,,,,,,,,,,,,,,,,,,,,,,,,,,,,,,,,,,,,,,,,,,,,,
PIMENTÃO,FJG47/157,12,41.7,0.82,0.033,12100,1387,0.348,1.6,4.74,207.64,4.4,113.4,2.4,111,1,0.5,0.52,0.2,0.6,4.3,11.4,20.4,9.34,0.36,0.34,41.2,0.001,0.81,0.1909,0.76,0.85,0.2,1.8,0.05,0.26,15,4.13,0.45,3.8,2.9,0.014,0.035,1.1,31,0.38,29.41,41,,,,,,,,,,,,,,,,,,,,,,,,,,,,,,,,,,,,,,,,,,,,,,,,,,,,,,,,,,,,,,,,,,,,,,,,,,,,,,,,,,,,,,,,,,,
PIMENTÃO,FJG84/207,20.7,106.9,2.01,0.098,53400,4244,0.782,2.3,23.51,457.52,6.75,181,2.5,111,1.6,1,2.12,0.4,0.4,4.9,21,51,7.35,0.61,0.17,131.1,0.001,2.22,0.1311,1.01,2.06,0.08,5.4,0.2,1.23,44,2.19,1.42,5.5,16.9,0.012,0.035,0.8,58,0.57,22.74,129,,,,,,,,,,,,,,,,,,,,,,,,,,,,,,,,,,,,,,,,,,,,,,,,,,,,,,,,,,,,,,,,,,,,,,,,,,,,,,,,,,,,,,,,,,,
PIMENTÃO,FJG84/208,18.5,92.4,2.59,0.104,56800,4377,0.816,1.9,20.2,373.13,6.62,214.4,3.3,111,2.4,2,2.82,0.6,0.4,5.5,25.5,68.8,9.92,0.7,0.23,176.1,0.002,2.76,0.1417,0.83,2.8,0.06,6.1,0.2,0.96,48,2.05,1.88,8.7,28.5,0.013,0.027,0.7,45,0.58,23.62,130,,,,,,,,,,,,,,,,,,,,,,,,,,,,,,,,,,,,,,,,,,,,,,,,,,,,,,,,,,,,,,,,,,,,,,,,,,,,,,,,,,,,,,,,,,,
PIMENTÃO,FJG84/217,6,43,1.94,0.079,15500,2705,0.6,9.9,13.83,123.28,5.18,253.3,1.9,111,1.9,0.5,1.43,0.5,0.4,5.7,22.1,71.8,13.23,0.67,0.8,112.8,0.001,1.5,0.1906,0.61,1.57,0.18,5,0.1,0.88,37,2.36,1.37,8.2,15.1,0.217,0.035,0.5,88,0.4,28.49,95,,,,,,,,,,,,,,,,,,,,,,,,,,,,,,,,,,,,,,,,,,,,,,,,,,,,,,,,,,,,,,,,,,,,,,,,,,,,,,,,,,,,,,,,,,,
PIMENTÃO,FJG84/218,11.6,73.8,1.53,0.068,3800,1010,0.097,12,4.53,17.81,4.58,325.5,1.4,111,1.5,0.5,0.81,0.4,0.4,6.4,19.5,55.8,8.96,0.44,0.44,59.5,0.001,1.34,0.2136,0.68,1.43,0.23,3.8,0.2,0.35,28,2.97,0.73,5.5,9.2,0.325,0.035,0.15,69,0.44,29.34,69,,,,,,,,,,,,,,,,,,,,,,,,,,,,,,,,,,,,,,,,,,,,,,,,,,,,,,,,,,,,,,,,,,,,,,,,,,,,,,,,,,,,,,,,,,,
PIMENTÃO,FJG84/219,11.1,72.5,1.32,0.054,3500,348,0.064,739.4,1.4,35.68,3.35,315.1,1.4,111,1.3,0.5,0.35,0.3,0.7,6.6,15,40.8,6.61,0.51,0.19,37.7,0.001,1.28,0.2004,0.58,1.24,0.45,3.7,0.1,0.58,23,3.34,0.4,6.1,4.6,0.2,0.038,0.15,48,0.51,30.85,64,,,,,,,,,,,,,,,,,,,,,,,,,,,,,,,,,,,,,,,,,,,,,,,,,,,,,,,,,,,,,,,,,,,,,,,,,,,,,,,,,,,,,,,,,,,
PIMENTÃO,FJG84/221,14.7,111,2.73,0.108,2500,230,0.076,1461.6,0.85,35.57,3.63,444.4,2.3,111,2.4,1,0.58,0.6,0.3,7.1,27,64.4,9.11,0.7,0.27,59.3,0.004,1.81,0.1865,0.79,2.79,0.5,6.9,0.2,0.16,44,1.51,0.72,8.1,11.5,0.413,0.034,0.9,96,0.34,28.32,122,,,,,,,,,,,,,,,,,,,,,,,,,,,,,,,,,,,,,,,,,,,,,,,,,,,,,,,,,,,,,,,,,,,,,,,,,,,,,,,,,,,,,,,,,,,
PIMENTÃO,FJG84/224,14.8,71.1,1.05,0.046,1800,108,0.069,1366.9,0.51,40.04,3.25,342.1,3.4,111,1,0.5,0.13,0.2,0.6,5.8,13.1,25,9.67,0.34,0.43,23.5,0.004,0.93,0.1734,1,1.07,0.58,2.5,0.05,0.31,19,3.08,0.23,4.8,3.6,0.109,0.034,0.9,31,0.44,32.8,48,,,,,,,,,,,,,,,,,,,,,,,,,,,,,,,,,,,,,,,,,,,,,,,,,,,,,,,,,,,,,,,,,,,,,,,,,,,,,,,,,,,,,,,,,,,
PIMENTÃO,FJG84/226,10.7,52.5,1.1,0.049,1500,77,0.05,1377,0.44,21.76,3.2,308.9,3.2,111,0.8,0.5,0.18,0.2,0.4,7.6,12.1,21.4,7.78,0.45,0.35,21.4,0.004,1.02,0.1893,1.26,1.26,0.54,3.1,0.05,0.54,20,4.24,0.23,4.1,3.3,0.166,0.033,0.15,30,0.61,32.69,47,,,,,,,,,,,,,,,,,,,,,,,,,,,,,,,,,,,,,,,,,,,,,,,,,,,,,,,,,,,,,,,,,,,,,,,,,,,,,,,,,,,,,,,,,,,
PIMENTÃO,FJG84/228,11.2,71.9,1.35,0.057,1700,164,0.057,1421.4,0.53,21.17,2.73,213.8,4.1,111,1.2,0.5,0.14,0.3,2.6,5.9,14.6,19.9,7.56,0.39,0.5,19.8,0.001,1.08,0.1687,0.81,1.24,0.53,4,0.1,0.22,22,2.61,0.25,5.1,4.9,0.211,0.033,0.15,31,0.45,33.17,64,,,,,,,,,,,,,,,,,,,,,,,,,,,,,,,,,,,,,,,,,,,,,,,,,,,,,,,,,,,,,,,,,,,,,,,,,,,,,,,,,,,,,,,,,,,
PIMENTÃO,FJG84/229,9.6,51.8,1.23,0.056,2000,194,0.045,2039.1,0.8,17.66,2.24,137.1,3.3,111,1.2,0.5,0.12,0.3,21.3,6.8,17.7,18.6,7.34,0.47,0.3,18.9,0.004,0.88,0.1529,1.08,1.32,0.53,3.3,0.05,0.38,22,3.19,0.2,5.9,3.5,0.102,0.039,0.15,27,0.39,32.26,60,,,,,,,,,,,,,,,,,,,,,,,,,,,,,,,,,,,,,,,,,,,,,,,,,,,,,,,,,,,,,,,,,,,,,,,,,,,,,,,,,,,,,,,,,,,
PIMENTÃO,FJG84/230,21,93.1,2.17,0.097,12800,1538,0.234,3387,6.25,91.91,4.39,186.3,2.1,111,2.4,0.5,0.25,0.6,0.4,10.7,28.8,21.1,9.65,0.73,0.39,21.5,0.004,1.53,0.2307,0.8,2.23,0.81,6.5,0.2,1.03,44,4.81,0.25,7.5,6.2,0.18,0.044,0.3,29,0.69,27.2,115,,,,,,,,,,,,,,,,,,,,,,,,,,,,,,,,,,,,,,,,,,,,,,,,,,,,,,,,,,,,,,,,,,,,,,,,,,,,,,,,,,,,,,,,,,,
PIMENTÃO,FJG84/231,4.9,18.1,0.38,0.015,1500,609,0.063,324.6,2.03,18.66,1.5,89,1.7,111,0.4,0.5,0.11,0.05,1.6,4.1,4.3,10.8,3.47,0.12,0.18,12,0.004,0.49,0.1291,0.43,0.36,0.21,0.8,0.05,0.22,4,3.05,0.12,3,1.3,0.023,0.028,0.15,9,0.29,36.85,22,,,,,,,,,,,,,,,,,,,,,,,,,,,,,,,,,,,,,,,,,,,,,,,,,,,,,,,,,,,,,,,,,,,,,,,,,,,,,,,,,,,,,,,,,,,
PIMENTÃO,FJG84/236,5.1,17.5,0.36,0.014,5400,1647,0.108,193.8,3.47,29.03,2.27,95.7,2.6,111,0.3,0.5,0.25,0.05,0.3,3.6,3.7,10,4.28,0.09,0.12,16.3,0.014,0.47,0.0571,0.79,0.44,0.3,1,0.05,0.13,5,1.97,0.17,2.6,2.2,0.025,0.036,0.3,14,0.26,34.51,27,,,,,,,,,,,,,,,,,,,,,,,,,,,,,,,,,,,,,,,,,,,,,,,,,,,,,,,,,,,,,,,,,,,,,,,,,,,,,,,,,,,,,,,,,,,
PIMENTÃO,FJG84/237,4.8,20.9,0.44,0.022,4900,876,0.13,556.5,2.32,19.8,3.37,138.1,1.9,111,0.4,0.5,0.24,0.1,2.7,4.6,5.5,13.3,9.61,0.1,0.24,19.2,0.001,0.7,0.108,0.96,0.5,0.35,1,0.05,0.33,8,3.96,0.2,3.8,2.1,0.075,0.032,0.15,19,0.5,32.17,30,,,,,,,,,,,,,,,,,,,,,,,,,,,,,,,,,,,,,,,,,,,,,,,,,,,,,,,,,,,,,,,,,,,,,,,,,,,,,,,,,,,,,,,,,,,
PIMENTÃO,FJG84/238,8,41.2,0.64,0.028,13700,2174,0.315,1181.5,5.19,82.95,5.62,178.3,2.1,111,0.5,0.5,0.23,0.1,2,6,7.1,19.2,5.13,0.16,0.18,23.2,0.004,0.86,0.1261,0.69,0.89,0.54,1.6,0.05,0.68,13,4.8,0.26,3.3,2.8,0.14,0.031,0.5,27,0.65,31.7,38,,,,,,,,,,,,,,,,,,,,,,,,,,,,,,,,,,,,,,,,,,,,,,,,,,,,,,,,,,,,,,,,,,,,,,,,,,,,,,,,,,,,,,,,,,,
PIMENTÃO,FJG84/239,10.7,63.6,0.88,0.038,1800,418,0.067,1575.5,1.01,4.28,4.3,248.8,1.9,111,0.8,0.5,0.23,0.2,0.5,6.2,9.7,20.1,6.03,0.25,0.27,22.6,0.004,1.11,0.1438,0.37,0.94,0.54,2.2,0.05,0.35,14,4.24,0.28,3.4,3,0.229,0.038,0.15,34,0.67,31.9,45,,,,,,,,,,,,,,,,,,,,,,,,,,,,,,,,,,,,,,,,,,,,,,,,,,,,,,,,,,,,,,,,,,,,,,,,,,,,,,,,,,,,,,,,,,,
PIMENTÃO,FJG84/241,10.8,55.1,1.55,0.059,46500,8907,0.552,1061.3,27.27,265.21,4.73,266.1,2.4,111,1.3,0.5,0.76,0.3,0.3,5.8,18.9,36.6,7.42,0.6,0.18,57.4,0.001,1.42,0.201,0.7,1.53,1.79,3.4,0.1,0.62,24,2.86,0.62,5.8,7.6,0.095,0.029,0.4,59,0.59,26.89,69,,,,,,,,,,,,,,,,,,,,,,,,,,,,,,,,,,,,,,,,,,,,,,,,,,,,,,,,,,,,,,,,,,,,,,,,,,,,,,,,,,,,,,,,,,,
PIMENTÃO,FJG84/242,8.3,46.6,1.61,0.058,36300,7086,0.597,5090.3,22.07,227.64,4.58,358.3,2.9,111,1.4,2,0.34,0.3,0.2,4.7,16.4,30.1,7.56,0.49,0.28,36.5,0.011,1.12,0.1589,1.39,1.38,2.19,3.6,0.1,0.67,25,2.16,0.45,4.8,5.4,0.152,0.024,0.4,63,0.58,22.81,82,,,,,,,,,,,,,,,,,,,,,,,,,,,,,,,,,,,,,,,,,,,,,,,,,,,,,,,,,,,,,,,,,,,,,,,,,,,,,,,,,,,,,,,,,,,
PIMENTÃO,FJG84/243,13.3,76.1,2.11,0.088,3800,83,0.051,528.7,0.39,38.74,3.9,682.5,4.4,111,2,0.5,0.3,0.5,0.2,6.6,23.8,35.8,8.38,0.68,0.49,45.4,0.008,1.62,0.2423,1.4,1.69,0.52,5.1,0.2,0.11,34,3.2,0.5,7.9,6.1,0.202,0.023,0.15,70,0.49,26.48,105,,,,,,,,,,,,,,,,,,,,,,,,,,,,,,,,,,,,,,,,,,,,,,,,,,,,,,,,,,,,,,,,,,,,,,,,,,,,,,,,,,,,,,,,,,,
PIMENTÃO,FJG84/244,10.1,68.7,1.46,0.062,1600,55,0.046,55.9,0.28,29.57,3.61,577.9,4.7,111,1.5,0.5,0.31,0.3,0.4,6.5,16.3,45.9,6.17,0.4,0.44,42.6,0.007,1.22,0.224,1.15,1.53,0.64,3.6,0.1,0.65,25,4.11,0.48,6.8,5.5,0.166,0.035,0.15,65,0.63,29.48,81,,,,,,,,,,,,,,,,,,,,,,,,,,,,,,,,,,,,,,,,,,,,,,,,,,,,,,,,,,,,,,,,,,,,,,,,,,,,,,,,,,,,,,,,,,,
PIMENTÃO,FJG86/222,2.9,17.3,0.42,0.017,2700,1108,0.123,2.6,3.57,21.73,4.19,116,1.3,111,0.4,0.5,0.38,0.2,0.2,3.7,3.6,10.1,5.55,0.14,0.17,24.9,0.001,0.59,0.0635,0.63,0.4,0.24,1.1,0.05,0.11,8,1.79,0.26,2.4,3.1,0.009,0.032,0.15,17,0.34,36.2,28,,,,,,,,,,,,,,,,,,,,,,,,,,,,,,,,,,,,,,,,,,,,,,,,,,,,,,,,,,,,,,,,,,,,,,,,,,,,,,,,,,,,,,,,,,,
PIMENTÃO,FJG86/268,12,90.5,2.55,0.085,3000,3141,0.159,13.4,8.68,38.36,3.53,250.1,3.3,111,2.1,1,1.25,0.6,0.7,6,20.1,41.8,11.48,0.59,0.37,102.5,0.001,1.93,0.1011,0.68,1.92,0.18,5.9,0.2,0.17,40,1.81,1.07,7.3,12.9,0.023,0.033,0.15,103,0.25,28.04,92,,,,,,,,,,,,,,,,,,,,,,,,,,,,,,,,,,,,,,,,,,,,,,,,,,,,,,,,,,,,,,,,,,,,,,,,,,,,,,,,,,,,,,,,,,,
PIMENTÃO,FJG86/269,44,84.9,1.99,0.094,18600,5521,0.367,343.6,12.93,222.08,8.56,282.5,2.4,111,1.5,0.5,1.13,0.6,0.6,8,18.3,38.4,7.8,0.46,0.31,89.7,0.012,2.26,0.166,1.38,2.22,0.48,5.6,0.2,0.66,39,3.08,0.99,4.8,11.2,0.024,0.036,0.6,90,0.45,22.3,112,,,,,,,,,,,,,,,,,,,,,,,,,,,,,,,,,,,,,,,,,,,,,,,,,,,,,,,,,,,,,,,,,,,,,,,,,,,,,,,,,,,,,,,,,,,
PIMENTÃO,FJG86/276,24.6,121.4,3.64,0.098,6300,743,0.101,657.9,2.66,100.75,2.78,285.9,3,111,2.2,1,0.78,0.6,1.1,8.7,24.6,42.1,11.97,0.72,0.42,70.6,0.001,2.92,0.1764,1.36,2.52,0.47,6.6,0.2,0.45,71,2.31,0.74,4.2,8.9,0.06,0.048,0.15,88,0.26,31.27,109,,,,,,,,,,,,,,,,,,,,,,,,,,,,,,,,,,,,,,,,,,,,,,,,,,,,,,,,,,,,,,,,,,,,,,,,,,,,,,,,,,,,,,,,,,,
PIMENTÃO,FJG86/277,5.2,25,0.61,0.019,3100,494,0.077,8.4,0.91,12.69,1.92,111.8,1.8,111,0.5,0.5,0.11,0.1,0.5,5.7,4.2,32.4,3.39,0.13,0.13,28.3,0.001,0.5,0.0954,0.57,0.52,0.55,1,0.05,0.025,10,4.78,0.24,5.5,1.6,0.079,0.029,0.15,31,0.22,28.43,21,,,,,,,,,,,,,,,,,,,,,,,,,,,,,,,,,,,,,,,,,,,,,,,,,,,,,,,,,,,,,,,,,,,,,,,,,,,,,,,,,,,,,,,,,,,
PIMENTÃO,FJG86/278,3.9,18.7,0.25,0.011,6800,594,0.135,1101.9,1.34,71.4,2,149.9,1.8,111,0.2,0.5,0.07,0.05,0.3,3.9,2.7,12.6,4.15,0.08,0.07,12.6,0.001,0.22,0.052,0.64,0.29,0.5,0.7,0.05,0.025,7,3.06,0.11,3,0.5,0.031,0.032,0.15,14,0.36,35.46,27,,,,,,,,,,,,,,,,,,,,,,,,,,,,,,,,,,,,,,,,,,,,,,,,,,,,,,,,,,,,,,,,,,,,,,,,,,,,,,,,,,,,,,,,,,,
PIMENTÃO,FJG86/279,4.7,26.9,0.75,0.028,6600,1746,0.162,1392.4,2.89,47.09,2.33,175,2.9,111,0.5,0.5,0.33,0.2,0.4,6.8,6.6,34.1,6.1,0.19,0.22,38.7,0.001,0.86,0.1309,0.59,0.66,0.68,1.8,0.05,0.28,12,6.26,0.36,6.5,1.7,0.07,0.03,0.15,41,0.3,29.54,36,,,,,,,,,,,,,,,,,,,,,,,,,,,,,,,,,,,,,,,,,,,,,,,,,,,,,,,,,,,,,,,,,,,,,,,,,,,,,,,,,,,,,,,,,,,
PIMENTÃO,FJG86/282,13.2,73.2,2.61,0.103,11800,2634,0.265,1171.8,7.05,127.86,2.92,389.1,2.6,111,2.7,0.5,0.79,0.6,0.4,7,32,54.2,9.33,0.95,0.45,72.5,0.004,1.71,0.2001,1.27,2.51,0.62,5.9,0.2,0.25,40,2.28,0.82,8,7.3,0.078,0.033,0.6,101,0.34,25.05,107,,,,,,,,,,,,,,,,,,,,,,,,,,,,,,,,,,,,,,,,,,,,,,,,,,,,,,,,,,,,,,,,,,,,,,,,,,,,,,,,,,,,,,,,,,,
PIMENTÃO,FJG86/283,12.7,74.3,2.18,0.089,9600,500,0.133,1586.8,4.03,117.65,3.1,423.7,3,111,1.9,0.5,0.59,0.5,1,8.1,21.9,53.4,10.54,0.59,0.36,63.8,0.001,1.72,0.22,1.71,1.83,0.92,6.1,0.2,0.66,38,3.14,0.69,7.1,6.5,0.094,0.03,0.6,78,0.41,27.73,100,,,,,,,,,,,,,,,,,,,,,,,,,,,,,,,,,,,,,,,,,,,,,,,,,,,,,,,,,,,,,,,,,,,,,,,,,,,,,,,,,,,,,,,,,,,
PIMENTÃO,FJG86/284,37,206.6,1.71,0.078,60500,6636,0.953,8.5,32.52,1363.36,8.78,149.5,1.9,111,1.8,1,1.03,0.5,5.9,8,24.1,23.7,6.86,0.63,0.16,65.6,0.003,1.2,0.132,1.15,2.04,0.2,4.4,0.2,0.52,32,5.52,0.77,9.3,9.7,0.025,0.041,0.9,62,0.33,21.4,90,,,,,,,,,,,,,,,,,,,,,,,,,,,,,,,,,,,,,,,,,,,,,,,,,,,,,,,,,,,,,,,,,,,,,,,,,,,,,,,,,,,,,,,,,,,
PIMENTÃO,FJG86/291,3.6,20.3,0.48,0.02,2500,85,0.056,53.3,0.58,36.25,2.29,214.9,2.4,111,0.5,0.5,0.07,0.1,0.2,5.3,7.4,5.2,3.78,0.18,0.16,7.4,0.001,0.67,0.1293,1.04,0.7,0.19,1.3,0.05,0.1,9,4.14,0.08,3.3,1.5,0.018,0.03,0.15,18,0.28,34.14,25,,,,,,,,,,,,,,,,,,,,,,,,,,,,,,,,,,,,,,,,,,,,,,,,,,,,,,,,,,,,,,,,,,,,,,,,,,,,,,,,,,,,,,,,,,,
PIMENTÃO,FJG86/292,6,39.8,0.74,0.032,2900,60,0.052,78.6,0.42,45.29,1.31,306.4,3.3,111,0.9,0.5,0.21,0.2,0.3,5.5,11.5,11.4,4.75,0.28,0.25,18.3,0.001,0.91,0.1462,1.3,0.98,0.28,1.8,0.05,0.09,12,2.59,0.19,4.7,2.2,0.022,0.033,0.4,28,0.28,32.09,38,,,,,,,,,,,,,,,,,,,,,,,,,,,,,,,,,,,,,,,,,,,,,,,,,,,,,,,,,,,,,,,,,,,,,,,,,,,,,,,,,,,,,,,,,,,
PIMENTÃO,FJG86/293,5,24.1,0.48,0.022,2000,75,0.055,9.8,0.43,35.44,2.06,248.9,2.4,111,0.5,0.5,0.025,0.2,0.2,4.8,7.3,3.8,4.15,0.15,0.15,5.2,0.001,0.9,0.1304,1.14,0.61,0.19,1.2,0.05,0.025,8,3.8,0.05,2.3,1.6,0.016,0.031,0.6,14,0.36,35.37,27,,,,,,,,,,,,,,,,,,,,,,,,,,,,,,,,,,,,,,,,,,,,,,,,,,,,,,,,,,,,,,,,,,,,,,,,,,,,,,,,,,,,,,,,,,,
PIMENTÃO,FJG86/294,8.4,52.1,0.81,0.036,1500,251,0.076,174,1.26,32.19,1.95,327.4,2.4,111,0.6,0.5,0.1,0.2,0.3,5.4,12.4,5.2,5.62,0.34,0.31,9.5,0.003,1.47,0.24,1.04,0.92,0.29,2.1,0.05,0.19,13,3.25,0.1,2.8,1.6,0.02,0.038,0.7,35,0.36,32.25,41,,,,,,,,,,,,,,,,,,,,,,,,,,,,,,,,,,,,,,,,,,,,,,,,,,,,,,,,,,,,,,,,,,,,,,,,,,,,,,,,,,,,,,,,,,,
PIMENTÃO,FJG86/295,13.5,51,1.22,0.132,1900,97,0.068,159.2,0.61,39.17,2.69,286.5,2.2,111,0.9,1,0.06,0.2,0.4,7.4,24.8,4.3,7.22,0.66,0.31,7.1,0.002,1.34,0.2543,1.21,1.81,0.23,3.9,0.1,0.49,36,4.77,0.08,5.3,2.1,0.017,0.043,0.5,29,0.43,29.56,48,,,,,,,,,,,,,,,,,,,,,,,,,,,,,,,,,,,,,,,,,,,,,,,,,,,,,,,,,,,,,,,,,,,,,,,,,,,,,,,,,,,,,,,,,,,
PIMENTÃO,FJG86/305,7.7,32.2,0.84,0.076,1900,41,0.046,1.6,0.23,45.54,1.73,270.2,3.2,111,0.7,0.5,0.07,0.2,0.3,5.9,14,3.2,4.5,0.36,0.25,6,0.001,0.98,0.1654,0.84,1.28,0.2,2.5,0.05,0.025,22,1.97,0.06,4.7,2,0.028,0.042,0.6,33,0.35,36.16,28,,,,,,,,,,,,,,,,,,,,,,,,,,,,,,,,,,,,,,,,,,,,,,,,,,,,,,,,,,,,,,,,,,,,,,,,,,,,,,,,,,,,,,,,,,,
PIMENTÃO,FJG86/306,7.2,49.7,1.42,0.047,3200,231,0.077,91.3,0.84,86.52,2.53,375.8,3.9,111,1.1,1,0.63,0.2,0.3,6.8,17.9,16.2,6.92,0.5,0.34,37.8,0.001,1.17,0.1866,1.11,1.3,0.23,3.2,0.05,0.16,31,3.05,0.38,5.2,3.2,0.021,0.032,1.1,119,0.51,31.98,51,,,,,,,,,,,,,,,,,,,,,,,,,,,,,,,,,,,,,,,,,,,,,,,,,,,,,,,,,,,,,,,,,,,,,,,,,,,,,,,,,,,,,,,,,,,
PIMENTÃO,FJG86/307,16.9,90.3,1.65,0.074,4600,246,0.096,36,1.35,155.83,2.45,610,3.9,111,1.8,0.5,0.54,0.5,0.4,6.5,23.3,16.4,13.51,0.63,0.52,39,0.003,1.29,0.1926,1.31,1.5,0.31,3.9,0.1,0.3,34,2.72,0.42,6.6,3.4,0.021,0.035,1.6,163,0.53,31.86,58,,,,,,,,,,,,,,,,,,,,,,,,,,,,,,,,,,,,,,,,,,,,,,,,,,,,,,,,,,,,,,,,,,,,,,,,,,,,,,,,,,,,,,,,,,,
PIMENTÃO,FJG86/308,13.6,58.8,1.18,0.052,5900,147,0.079,108.5,0.77,170.49,1.97,591.4,2.6,111,1,0.5,0.21,0.3,0.8,6.6,19.7,8.1,7.03,0.45,0.45,16.3,0.003,1.23,0.2177,1.22,1.25,0.24,2.7,0.05,0.16,20,3.84,0.18,4.9,2.2,0.018,0.032,1.5,82,0.62,28.08,47,,,,,,,,,,,,,,,,,,,,,,,,,,,,,,,,,,,,,,,,,,,,,,,,,,,,,,,,,,,,,,,,,,,,,,,,,,,,,,,,,,,,,,,,,,,
PIMENTÃO,FJG88/176,12.8,67.3,2.09,0.138,18300,2710,0.412,4.5,8.67,310.48,5.08,273.5,2.9,111,1.3,1,1.67,0.3,13.3,5.2,19.4,49.7,8.07,0.41,0.34,113.4,0.004,2.89,0.1771,0.63,1.7,0.12,7,0.1,0.78,53,1.46,1.48,5.2,13.2,0.085,0.035,1.4,86,0.29,24.99,162,,,,,,,,,,,,,,,,,,,,,,,,,,,,,,,,,,,,,,,,,,,,,,,,,,,,,,,,,,,,,,,,,,,,,,,,,,,,,,,,,,,,,,,,,,,
PIMENTÃO,FJG88/177,16.9,120.9,3.82,0.165,15100,3256,0.464,2,9.87,251.87,7.27,330.1,4,111,3,2,2.81,0.8,0.5,8.4,34.1,100.5,12.44,0.94,0.39,200.3,0.008,3.2,0.1395,1.06,3.18,0.12,10.1,0.3,0.41,63,1.68,2.61,11.9,17.8,0.121,0.039,0.7,221,0.29,22.2,204,,,,,,,,,,,,,,,,,,,,,,,,,,,,,,,,,,,,,,,,,,,,,,,,,,,,,,,,,,,,,,,,,,,,,,,,,,,,,,,,,,,,,,,,,,,
PIMENTÃO,FJG88/178,6.5,47.4,2.03,0.096,12500,1486,0.442,6.1,4.42,202.44,4.78,339.8,2.4,111,1.3,0.5,1.47,0.4,200,6.7,19.1,55.3,9.35,0.39,0.34,106.1,0.004,3.07,0.1705,0.32,2.05,0.12,5.5,0.2,0.65,39,1.89,1.17,5.2,7.8,0.116,0.034,1.6,106,0.49,26.81,102,,,,,,,,,,,,,,,,,,,,,,,,,,,,,,,,,,,,,,,,,,,,,,,,,,,,,,,,,,,,,,,,,,,,,,,,,,,,,,,,,,,,,,,,,,,
PIMENTÃO,FJG90/233,7.6,29.5,0.7,0.04,3700,127,0.041,2.5,0.56,30.14,2.35,147,1.7,111,0.5,0.5,0.45,0.1,0.3,4.1,6.4,13.1,2.85,0.15,0.09,31.7,0.001,1.28,0.1353,0.27,0.69,0.16,2.3,0.05,0.08,16,1.98,0.34,2.6,3.8,0.018,0.036,0.15,23,0.22,29.12,41,,,,,,,,,,,,,,,,,,,,,,,,,,,,,,,,,,,,,,,,,,,,,,,,,,,,,,,,,,,,,,,,,,,,,,,,,,,,,,,,,,,,,,,,,,,
PIMENTÃO,FJG90/236,8.8,41,0.8,0.032,2000,439,0.085,632.2,0.93,9.15,2.46,219,1.7,111,0.6,0.5,0.5,0.2,1.3,4.4,8.6,16.7,4.58,0.23,0.16,31.4,0.001,1.04,0.1003,0.29,0.72,0.22,1.9,0.05,0.07,14,2.2,0.32,2.9,3.1,0.091,0.038,0.15,34,0.27,31.78,40,,,,,,,,,,,,,,,,,,,,,,,,,,,,,,,,,,,,,,,,,,,,,,,,,,,,,,,,,,,,,,,,,,,,,,,,,,,,,,,,,,,,,,,,,,,
PIMENTÃO,FJG90/242,12.9,71.8,2.24,0.088,7200,1069,0.206,1938,3.04,65.31,2.92,330,2.8,111,1.7,0.5,0.61,0.5,0.2,6.6,24.9,30.7,9.76,0.67,0.42,47.5,0.001,1.63,0.2377,0.9,2.06,0.54,4.9,0.2,0.2,34,2.59,0.57,6.3,8.2,0.116,0.031,0.5,65,0.41,27.2,92,,,,,,,,,,,,,,,,,,,,,,,,,,,,,,,,,,,,,,,,,,,,,,,,,,,,,,,,,,,,,,,,,,,,,,,,,,,,,,,,,,,,,,,,,,,
PIMENTÃO,FJG90/243,13.9,96.3,2.27,0.098,5800,618,0.096,1572.8,2.14,51.7,2.67,471.6,2.6,111,1.8,1,0.51,0.5,0.3,6.3,27.5,27.6,9.93,0.64,0.47,42.1,0.003,1.57,0.2168,1.24,2.26,0.43,5.3,0.2,0.14,36,2.1,0.51,7.7,9.7,0.123,0.032,0.5,68,0.38,25.67,96,,,,,,,,,,,,,,,,,,,,,,,,,,,,,,,,,,,,,,,,,,,,,,,,,,,,,,,,,,,,,,,,,,,,,,,,,,,,,,,,,,,,,,,,,,,
PIMENTÃO,FJG90/244,14.8,80.1,1.58,0.068,4800,504,0.086,3473.2,1.67,27.87,3.01,486.5,2.6,111,1.5,0.5,0.26,0.4,0.2,6.3,17.5,17.2,6.83,0.53,0.32,23.7,0.001,1.56,0.2484,1.15,1.41,0.85,4.3,0.1,0.19,26,3.18,0.28,6.2,5.8,0.088,0.034,0.5,41,0.42,28.49,74,,,,,,,,,,,,,,,,,,,,,,,,,,,,,,,,,,,,,,,,,,,,,,,,,,,,,,,,,,,,,,,,,,,,,,,,,,,,,,,,,,,,,,,,,,,
PIMENTÃO,FJG90/245,11.2,49.7,1.14,0.05,1900,326,0.045,1210.1,1.3,8.04,3.07,320.1,2.3,111,1,0.5,0.1,0.3,0.3,6,13.7,11.4,6.06,0.38,0.2,13.6,0.001,1.15,0.2186,0.62,1.07,0.68,3,0.05,0.2,20,3.09,0.14,5,3.2,0.058,0.036,0.3,22,0.52,27.43,52,,,,,,,,,,,,,,,,,,,,,,,,,,,,,,,,,,,,,,,,,,,,,,,,,,,,,,,,,,,,,,,,,,,,,,,,,,,,,,,,,,,,,,,,,,,
PIMENTÃO,FJG90/246,15.3,92.7,2.48,0.099,1900,245,0.051,1609.2,1.03,7.36,2.26,477.8,2.8,111,2.4,0.5,0.38,0.5,27.3,6.6,24.3,23.3,8.34,0.68,0.22,34.2,0.001,1.73,0.1965,1.1,2.37,0.53,6.2,0.2,0.23,38,1.37,0.41,8.9,8.9,0.051,0.034,0.4,55,0.37,25.02,105,,,,,,,,,,,,,,,,,,,,,,,,,,,,,,,,,,,,,,,,,,,,,,,,,,,,,,,,,,,,,,,,,,,,,,,,,,,,,,,,,,,,,,,,,,,
PIMENTÃO,FJG90/247,10.9,51.9,1.19,0.049,1600,81,0.063,760.2,0.54,19.69,2.63,432.4,2.8,111,0.9,0.5,0.09,0.3,0.4,5.6,16.3,12.4,7.51,0.41,0.25,13,0.001,0.98,0.194,0.76,1.23,0.39,2.6,0.05,0.14,19,2.93,0.14,3.2,3.4,0.034,0.035,0.4,21,0.42,30.68,47,,,,,,,,,,,,,,,,,,,,,,,,,,,,,,,,,,,,,,,,,,,,,,,,,,,,,,,,,,,,,,,,,,,,,,,,,,,,,,,,,,,,,,,,,,,
PIMENTÃO,FJG90/249,12.2,80.3,1.91,0.086,2700,137,0.075,1698.9,0.6,26.19,2.35,303.2,3,111,1.5,0.5,0.3,0.4,0.5,5.9,21,27.7,8.79,0.59,0.46,34.5,0.001,1.35,0.1915,1.1,1.75,0.51,4.7,0.1,0.11,36,2.36,0.41,6.5,6.2,0.046,0.033,0.5,48,0.38,30.52,89,,,,,,,,,,,,,,,,,,,,,,,,,,,,,,,,,,,,,,,,,,,,,,,,,,,,,,,,,,,,,,,,,,,,,,,,,,,,,,,,,,,,,,,,,,,
PIMENTÃO,FJG90/251,9.8,55.8,1.34,0.058,4800,695,0.079,5198.1,3.11,9.36,3.12,237.4,2.5,111,1.4,0.5,0.16,0.3,7.3,6.6,18.2,18.2,5.63,0.45,0.4,21.8,0.001,1.22,0.2268,0.6,1.48,1.17,3.3,0.1,0.42,23,3.37,0.26,5.5,4.4,0.064,0.038,0.5,34,0.38,29.46,65,,,,,,,,,,,,,,,,,,,,,,,,,,,,,,,,,,,,,,,,,,,,,,,,,,,,,,,,,,,,,,,,,,,,,,,,,,,,,,,,,,,,,,,,,,,
PIMENTÃO,FJG90/252,11.3,52.4,1.18,0.055,3500,323,0.077,1312.8,1.3,37.52,2.43,202.8,2.9,111,1.2,0.5,0.18,0.3,0.3,6.3,17,25.7,5.92,0.45,0.43,28.9,0.001,0.96,0.1614,0.61,1.24,0.48,3.4,0.1,0.18,23,2.43,0.33,8.1,3.6,0.096,0.048,0.15,42,0.34,29.92,58,,,,,,,,,,,,,,,,,,,,,,,,,,,,,,,,,,,,,,,,,,,,,,,,,,,,,,,,,,,,,,,,,,,,,,,,,,,,,,,,,,,,,,,,,,,
PIMENTÃO,FJG90/253,13.5,57.7,1.16,0.049,2700,263,0.054,3312,1.54,8.49,2.91,266.4,2.9,111,1,0.5,0.18,0.3,1.1,7.1,15,17.9,5.46,0.4,0.35,20.7,0.003,1.1,0.2085,0.76,1.28,0.69,2.8,0.05,0.09,21,3.43,0.2,4.6,3.8,0.062,0.042,0.15,30,0.39,30.51,51,,,,,,,,,,,,,,,,,,,,,,,,,,,,,,,,,,,,,,,,,,,,,,,,,,,,,,,,,,,,,,,,,,,,,,,,,,,,,,,,,,,,,,,,,,,
PIMENTÃO,FJG90/254,10.2,66.6,1.88,0.083,2500,154,0.05,2551.7,0.76,13.83,2.54,346.4,2.9,111,1.6,0.5,0.3,0.5,6.3,5.9,21.9,25,8.17,0.63,0.48,33,0.001,1.37,0.1818,1.17,1.76,0.58,4.3,0.1,0.15,34,2.07,0.4,5.9,6.8,0.106,0.036,0.7,46,0.35,27.64,92,,,,,,,,,,,,,,,,,,,,,,,,,,,,,,,,,,,,,,,,,,,,,,,,,,,,,,,,,,,,,,,,,,,,,,,,,,,,,,,,,,,,,,,,,,,
PIMENTÃO,FJG90/255,13.3,63.8,1.33,0.059,2000,58,0.058,794.6,0.39,33.14,2.8,391.6,3.2,111,1.1,0.5,0.17,0.3,0.4,5.9,16.2,27.5,6.71,0.41,0.37,31.1,0.001,1.12,0.2048,0.95,1.35,0.37,3.3,0.05,0.16,24,2.7,0.34,4.8,4.2,0.146,0.032,0.4,51,0.39,31.71,57,,,,,,,,,,,,,,,,,,,,,,,,,,,,,,,,,,,,,,,,,,,,,,,,,,,,,,,,,,,,,,,,,,,,,,,,,,,,,,,,,,,,,,,,,,,
PIMENTÃO,FJG90/257,10.4,61.5,1.64,0.065,1500,73,0.062,371.6,0.56,27.9,2.79,402.1,3.4,111,1.3,1,0.22,0.4,0.5,6.8,21.5,30.7,7.33,0.57,0.28,33.5,0.001,1.15,0.1928,1.03,1.73,0.34,3.5,0.1,0.15,25,2.43,0.35,5.8,4.6,0.211,0.033,0.5,56,0.42,30,65,,,,,,,,,,,,,,,,,,,,,,,,,,,,,,,,,,,,,,,,,,,,,,,,,,,,,,,,,,,,,,,,,,,,,,,,,,,,,,,,,,,,,,,,,,,
PIMENTÃO,FJG90/258,17.2,95.7,2.36,0.1,2600,52,0.071,2028.5,0.6,22.66,3.95,415.7,3.6,111,1.8,1,0.34,0.5,86.2,6.7,25.1,30.1,7.9,0.64,0.18,36.9,0.001,1.45,0.2014,1.18,2.26,0.81,5.3,0.2,0.31,37,2.6,0.42,6.6,7.3,0.207,0.033,0.5,63,0.47,29.81,107,,,,,,,,,,,,,,,,,,,,,,,,,,,,,,,,,,,,,,,,,,,,,,,,,,,,,,,,,,,,,,,,,,,,,,,,,,,,,,,,,,,,,,,,,,,
PIMENTÃO,FJG90/259,28.9,93.2,1.53,0.074,8000,122,0.073,6366.4,1.51,44.5,4.43,424.1,2,111,1.7,0.5,0.15,0.4,46.7,7.4,20,16.1,6.18,0.55,0.17,19.8,0.004,1.5,0.2157,0.9,1.83,1.82,4,0.2,1.04,29,3.83,0.21,6.8,5.5,0.131,0.042,1.8,30,0.57,27.63,91,,,,,,,,,,,,,,,,,,,,,,,,,,,,,,,,,,,,,,,,,,,,,,,,,,,,,,,,,,,,,,,,,,,,,,,,,,,,,,,,,,,,,,,,,,,
PIMENTÃO,FJG90/261,10.2,66.1,1.2,0.048,2500,38,0.069,659.3,0.26,36.84,3.01,345.6,2.3,111,0.9,0.5,0.13,0.3,10.7,5.9,12.8,20.4,6.36,0.33,0.23,22.1,0.001,1.11,0.1948,1.17,0.95,0.38,2.7,0.05,0.24,22,2.79,0.24,3.4,3,0.272,0.035,0.6,40,0.37,29.99,61,,,,,,,,,,,,,,,,,,,,,,,,,,,,,,,,,,,,,,,,,,,,,,,,,,,,,,,,,,,,,,,,,,,,,,,,,,,,,,,,,,,,,,,,,,,
PIMENTÃO,FJG90/262,15.1,89.1,1.61,0.066,2900,99,0.067,638.8,0.67,37.41,3.74,393.2,3.7,111,1.4,0.5,0.19,0.4,0.4,6.2,17.3,23.6,5.93,0.45,0.39,26.9,0.001,1.34,0.248,0.95,1.56,0.39,3.9,0.1,0.29,23,3.61,0.3,5.5,4.4,0.302,0.033,0.5,53,0.55,27.38,76,,,,,,,,,,,,,,,,,,,,,,,,,,,,,,,,,,,,,,,,,,,,,,,,,,,,,,,,,,,,,,,,,,,,,,,,,,,,,,,,,,,,,,,,,,,
PIMENTÃO,FJG90/263,9.4,67.1,2.02,0.08,4900,119,0.082,957.7,0.92,61.64,3.51,423.2,3.7,111,1.7,0.5,0.25,0.4,0.5,6.2,22.1,27.6,8.01,0.59,0.52,32.9,0.001,1.38,0.2143,1.1,1.87,0.47,4,0.1,0.31,29,2.68,0.4,6.7,6.1,0.349,0.034,0.6,72,0.44,28.08,93,,,,,,,,,,,,,,,,,,,,,,,,,,,,,,,,,,,,,,,,,,,,,,,,,,,,,,,,,,,,,,,,,,,,,,,,,,,,,,,,,,,,,,,,,,,
PIMENTÃO,FJG90/264,14.2,94.4,2.31,0.097,5700,338,0.112,1651,2.66,74.43,3.27,374.6,3.2,111,1.9,1,0.24,0.6,1.5,7.6,26.2,18.9,8.65,0.68,0.27,23.7,0.004,1.52,0.1926,2.05,2.27,0.61,5.7,0.2,0.43,37,3.32,0.28,6.5,6.7,0.224,0.034,0.9,52,0.55,26.16,110,,,,,,,,,,,,,,,,,,,,,,,,,,,,,,,,,,,,,,,,,,,,,,,,,,,,,,,,,,,,,,,,,,,,,,,,,,,,,,,,,,,,,,,,,,,
PIMENTÃO,FJG92/113,15.6,95.9,1.86,0.092,3400,324,0.083,15.4,1.28,40.83,2.6,290.6,1.7,111,1.8,0.5,0.61,0.5,0.3,6.8,19.1,35,7.05,0.56,0.36,52.5,0.002,2.38,0.1492,1.31,1.63,0.17,5.1,0.1,0.26,33,1.49,0.65,7.5,7.2,0.04,0.04,0.8,99,0.31,24.97,104,,,,,,,,,,,,,,,,,,,,,,,,,,,,,,,,,,,,,,,,,,,,,,,,,,,,,,,,,,,,,,,,,,,,,,,,,,,,,,,,,,,,,,,,,,,
PIMENTÃO,FJG92/114,8.5,48.2,1.14,0.051,2900,545,0.083,4.1,1.55,28.43,2.08,265.5,1.6,111,1,0.5,0.37,0.3,0.4,5.2,10.4,21.6,4.93,0.28,0.26,32.7,0.001,1.82,0.1082,0.4,0.94,0.21,3.1,0.05,0.21,20,1.72,0.38,3.9,3.9,0.041,0.038,0.3,64,0.26,27.37,57,,,,,,,,,,,,,,,,,,,,,,,,,,,,,,,,,,,,,,,,,,,,,,,,,,,,,,,,,,,,,,,,,,,,,,,,,,,,,,,,,,,,,,,,,,,
PIMENTÃO,FJG92/116,11.7,57.5,1.21,0.053,3100,481,0.106,602.1,2.41,18.98,2.11,318.5,2.6,111,1.1,0.5,0.53,0.3,0.7,5.8,12.1,36.1,7.22,0.32,0.24,54.4,0.003,1.56,0.1433,0.44,1.11,0.48,3.2,0.05,0.23,21,2.4,0.53,4.4,4.1,0.065,0.037,0.15,69,0.36,29.78,58,,,,,,,,,,,,,,,,,,,,,,,,,,,,,,,,,,,,,,,,,,,,,,,,,,,,,,,,,,,,,,,,,,,,,,,,,,,,,,,,,,,,,,,,,,,
PIMENTÃO,FJG92/117,7.5,44.9,0.81,0.036,5300,628,0.145,197.2,1.7,41.9,2.02,275.3,2.7,111,0.6,0.5,0.3,0.2,0.5,5.3,8.3,30.2,7.23,0.21,0.26,38.5,0.001,1.15,0.1703,0.25,0.67,0.42,2,0.05,0.1,13,3.31,0.33,3.6,1.7,0.056,0.035,0.15,40,0.39,29.66,40,,,,,,,,,,,,,,,,,,,,,,,,,,,,,,,,,,,,,,,,,,,,,,,,,,,,,,,,,,,,,,,,,,,,,,,,,,,,,,,,,,,,,,,,,,,
PIMENTÃO,FJG92/119,20.2,51,1.48,0.061,30400,6284,0.661,224.8,18.5,344.92,6.28,285.5,2.2,111,1.1,0.5,0.66,0.3,0.5,6,13.8,42.9,7.65,0.46,0.26,68.9,0.003,1.51,0.2179,0.88,1.44,0.91,3.3,0.1,0.49,24,3.65,0.64,4.8,3.5,0.066,0.035,0.6,75,0.63,24.57,68,,,,,,,,,,,,,,,,,,,,,,,,,,,,,,,,,,,,,,,,,,,,,,,,,,,,,,,,,,,,,,,,,,,,,,,,,,,,,,,,,,,,,,,,,,,
PIMENTÃO,FJG92/122,15,84.5,2.6,0.107,1700,81,0.048,140.6,0.29,28.1,1.89,532.4,2.8,111,2.1,0.5,0.31,0.6,0.3,7.4,27.6,26.4,9.81,0.75,0.41,38.2,0.001,1.73,0.2146,1.19,2.14,0.32,5.8,0.2,0.15,38,2.75,0.4,7.4,5.6,0.036,0.031,0.4,72,0.41,27.65,116,,,,,,,,,,,,,,,,,,,,,,,,,,,,,,,,,,,,,,,,,,,,,,,,,,,,,,,,,,,,,,,,,,,,,,,,,,,,,,,,,,,,,,,,,,,
PIMENTÃO,FJG92/124,13.5,61.9,1.32,0.057,1600,67,0.041,196.6,0.37,28.75,1.56,221.5,3.4,111,1.3,0.5,0.09,0.3,0.4,7.6,14.5,22.6,7.88,0.37,0.49,23,0.001,1.11,0.1696,0.98,1.26,0.48,3.1,0.05,0.11,21,4.18,0.19,9.5,2.4,0.053,0.034,0.4,30,0.26,29.97,58,,,,,,,,,,,,,,,,,,,,,,,,,,,,,,,,,,,,,,,,,,,,,,,,,,,,,,,,,,,,,,,,,,,,,,,,,,,,,,,,,,,,,,,,,,,
PIMENTÃO,FJG92/125,9.3,54.9,1.31,0.058,2600,54,0.038,44.9,0.29,36.96,1.51,214.2,3.6,111,1.1,0.5,0.11,0.3,0.4,7.8,14.4,21.2,6.67,0.36,0.42,24.2,0.004,1.19,0.1761,0.85,1.3,0.39,3.3,0.05,0.24,22,3.7,0.21,7.8,2.1,0.046,0.033,0.15,37,0.26,29,58,,,,,,,,,,,,,,,,,,,,,,,,,,,,,,,,,,,,,,,,,,,,,,,,,,,,,,,,,,,,,,,,,,,,,,,,,,,,,,,,,,,,,,,,,,,
PIMENTÃO,FJG92/126,27.3,63.4,1.87,0.046,32100,991,0.295,238,3.72,578.96,4.66,244,1.9,111,0.7,0.5,0.21,0.2,0.4,9.1,10,17.8,7.32,0.24,0.37,25.5,0.001,1.17,0.1406,1.03,1,0.53,2.9,0.05,0.34,26,4.12,0.26,6.3,3.5,0.029,0.065,0.4,32,0.34,29.01,40,,,,,,,,,,,,,,,,,,,,,,,,,,,,,,,,,,,,,,,,,,,,,,,,,,,,,,,,,,,,,,,,,,,,,,,,,,,,,,,,,,,,,,,,,,,
PIMENTÃO,FJG92/127,7.1,26,0.77,0.033,6400,184,0.091,458.1,0.5,58.67,1.9,76.6,2.1,111,0.7,0.5,0.08,0.2,1.2,14.2,8.9,12.6,3.4,0.23,0.16,14.2,0.001,0.46,0.1456,0.67,0.72,0.34,1.8,0.05,0.29,12,7.15,0.12,21.5,1.4,0.025,0.034,0.15,14,0.17,25.34,40,,,,,,,,,,,,,,,,,,,,,,,,,,,,,,,,,,,,,,,,,,,,,,,,,,,,,,,,,,,,,,,,,,,,,,,,,,,,,,,,,,,,,,,,,,,
PIMENTÃO,FJG105/185,11,31.7,0.35,0.014,28400,4183,0.8,1,13.7,174.28,8.61,97.7,1.3,11,0.4,0.5,0.17,0.1,0.4,3.1,4.2,14.6,4.94,0.09,0.15,21.7,0.001,0.54,0.0562,0.79,0.53,0.43,0.5,0.05,0.86,9,2.17,0.19,2,0.4,0.036,0.029,0.15,22,0.27,36.28,23,,,,,,,,,,,,,,,,,,,,,,,,,,,,,,,,,,,,,,,,,,,,,,,,,,,,,,,,,,,,,,,,,,,,,,,,,,,,,,,,,,,,,,,,,,,
PIMENTÃO,FJG109/171,9.9,52.5,1,0.044,60500,6527,1.499,56.3,41.26,653.34,7.98,113.9,1.8,11,0.9,0.5,0.87,0.2,0.2,4.8,10.8,35.9,4.36,0.28,0.17,59.1,0.001,0.91,0.0967,0.5,1.06,0.31,2.7,0.05,0.4,17,2.56,0.63,3.8,3.9,0.07,0.03,0.5,36,0.58,25.55,47,,,,,,,,,,,,,,,,,,,,,,,,,,,,,,,,,,,,,,,,,,,,,,,,,,,,,,,,,,,,,,,,,,,,,,,,,,,,,,,,,,,,,,,,,,,
PIMENTÃO,FJG109/172,6.7,35.2,0.67,0.028,43100,2810,0.976,2.2,31.55,484.62,6.38,118.7,1.4,11,0.5,0.5,0.4,0.1,0.2,8.6,5.9,19.7,5.92,0.18,0.21,31,0.002,1.06,0.1018,0.34,0.59,0.26,1.9,0.05,1.1,12,3.66,0.34,4.5,2.8,0.062,0.04,0.6,32,0.55,24.53,23,,,,,,,,,,,,,,,,,,,,,,,,,,,,,,,,,,,,,,,,,,,,,,,,,,,,,,,,,,,,,,,,,,,,,,,,,,,,,,,,,,,,,,,,,,,
PIMENTÃO,FJG112/218,22.7,104.4,1.07,0.036,75100,11400,2.385,38.4,32.53,735.18,5.62,79.5,1.5,11,0.7,0.5,0.91,0.1,0.7,4.2,8.4,22.7,4.2,0.18,0.11,61.5,0.005,1.07,0.0783,0.47,0.91,0.17,2,0.05,1.05,17,2.54,0.57,2.9,4.3,0.012,0.033,0.6,36,0.35,31.49,52,,,,,,,,,,,,,,,,,,,,,,,,,,,,,,,,,,,,,,,,,,,,,,,,,,,,,,,,,,,,,,,,,,,,,,,,,,,,,,,,,,,,,,,,,,,
PIMENTÃO,FJG112/222,3.4,24.6,0.49,0.022,16800,3578,0.863,4.2,8.35,123.67,2.78,148.2,2.5,11,0.4,0.5,0.39,0.1,0.6,4.3,5.9,16.9,8.16,0.11,0.18,31.5,0.006,0.66,0.0887,0.48,0.6,0.29,1.1,0.05,0.37,9,2.59,0.29,2.4,1.8,0.023,0.032,0.4,28,0.39,34.05,27,,,,,,,,,,,,,,,,,,,,,,,,,,,,,,,,,,,,,,,,,,,,,,,,,,,,,,,,,,,,,,,,,,,,,,,,,,,,,,,,,,,,,,,,,,,
PIMENTÃO,FJG112/228,12.8,74.1,2.15,0.086,65200,8310,4.512,163.7,44.62,452.42,7.73,247.2,3.7,11,1.9,1,1.68,0.4,0.7,5.1,25.9,63.8,8.74,0.63,0.21,126.5,0.006,1.39,0.0946,0.7,2.43,0.34,4.7,0.2,1.58,32,1.59,1.32,7.2,10.8,0.034,0.032,1,45,0.53,27.75,99,,,,,,,,,,,,,,,,,,,,,,,,,,,,,,,,,,,,,,,,,,,,,,,,,,,,,,,,,,,,,,,,,,,,,,,,,,,,,,,,,,,,,,,,,,,
PIMENTÃO,FJG112/233,7.6,60.7,1.26,0.051,51500,7791,1.37,3.7,33.85,405.23,10.23,164.2,2.5,11,1.2,0.5,0.93,0.3,0.5,8,21.5,40.6,7.01,0.54,0.3,71,0.002,0.96,0.1701,0.52,1.64,0.19,2.6,0.1,1.5,17,3.54,0.8,6.6,5.7,0.086,0.04,0.15,51,0.96,22.85,40,,,,,,,,,,,,,,,,,,,,,,,,,,,,,,,,,,,,,,,,,,,,,,,,,,,,,,,,,,,,,,,,,,,,,,,,,,,,,,,,,,,,,,,,,,,
PIMENTÃO,FJG112/234,10.9,83,1.56,0.062,65300,8538,1.847,48.6,35.04,611.6,10.12,153.6,3.3,11,1.3,1,1.27,0.3,0.7,7.3,20.5,46.5,7.87,0.52,0.31,94.6,0.002,0.99,0.1309,0.53,1.69,0.24,3,0.1,1.04,20,2.67,1.02,5.1,8.6,0.058,0.036,0.4,55,0.88,28.33,50,,,,,,,,,,,,,,,,,,,,,,,,,,,,,,,,,,,,,,,,,,,,,,,,,,,,,,,,,,,,,,,,,,,,,,,,,,,,,,,,,,,,,,,,,,,
PIMENTÃO,FJG112/236,13.1,100.7,1.57,0.075,74400,8877,1.31,12.7,47.4,761.14,11.55,126.9,2.7,11,1.5,1,1.28,0.4,0.9,6,17.7,46.9,8.18,0.45,0.29,95.2,0.001,1.05,0.1178,0.51,1.65,0.19,3.7,0.1,0.98,28,2.15,1.07,5.6,8,0.085,0.031,0.6,39,0.8,29.97,71,,,,,,,,,,,,,,,,,,,,,,,,,,,,,,,,,,,,,,,,,,,,,,,,,,,,,,,,,,,,,,,,,,,,,,,,,,,,,,,,,,,,,,,,,,,
PIMENTÃO,FJG112/242,23.7,112.2,1.84,0.086,55600,9149,2.04,161.8,27.21,754.68,6.29,120.5,2.3,11,1.7,0.5,1.41,0.5,127.9,5.2,25,32.4,9.48,0.66,0.21,100.6,0.004,1.34,0.1251,0.96,2.19,0.55,4.6,0.2,0.36,32,2.43,1.05,7.2,14.4,0.014,0.028,0.7,52,0.47,28.9,115,,,,,,,,,,,,,,,,,,,,,,,,,,,,,,,,,,,,,,,,,,,,,,,,,,,,,,,,,,,,,,,,,,,,,,,,,,,,,,,,,,,,,,,,,,,
PIMENTÃO,FJG112/243,29.1,154.2,1.37,0.073,82900,5107,2.048,94.7,25.03,1092.56,5.8,75,1.8,11,2,0.5,1.16,0.4,0.5,4.7,25.6,26.4,5,0.72,0.15,82.8,0.001,1.1,0.1203,0.57,1.53,0.29,3.9,0.1,0.27,23,2,0.87,7,10.3,0.005,0.035,0.7,31,0.43,31.28,90,,,,,,,,,,,,,,,,,,,,,,,,,,,,,,,,,,,,,,,,,,,,,,,,,,,,,,,,,,,,,,,,,,,,,,,,,,,,,,,,,,,,,,,,,,,
PIMENTÃO,FJG112/245,44.3,128.6,1.67,0.079,86700,7775,2.264,1122.8,38.2,978.87,6.06,101.3,2.7,11,1.5,0.5,1.47,0.4,8.6,6.1,20.5,25.6,9.21,0.59,0.2,89.4,0.003,1.2,0.15,0.85,1.86,0.72,4.3,0.1,1.22,27,2.91,0.98,7.5,14.8,0.009,0.032,1.7,24,0.48,25.24,74,,,,,,,,,,,,,,,,,,,,,,,,,,,,,,,,,,,,,,,,,,,,,,,,,,,,,,,,,,,,,,,,,,,,,,,,,,,,,,,,,,,,,,,,,,,
PIMENTÃO,FJG112/249,31.9,160.5,1.53,0.072,100000,6083,2.433,39.1,37.89,1282.1,4.08,89.4,2.2,11,1.7,0.5,1.13,0.5,0.7,4.4,18.3,24.1,7.3,0.53,0.12,79.4,0.001,1.22,0.1352,0.81,1.79,0.14,3.7,0.2,2.3,27,2.5,0.93,5.7,11.6,0.008,0.036,2.3,18,0.4,28.57,76,,,,,,,,,,,,,,,,,,,,,,,,,,,,,,,,,,,,,,,,,,,,,,,,,,,,,,,,,,,,,,,,,,,,,,,,,,,,,,,,,,,,,,,,,,,
PIMENTÃO,FJG112/251,29.2,146.2,0.9,0.044,80800,7936,3.982,1.1,55.97,1075.97,4.99,77.3,1.7,11,0.8,0.5,0.7,0.2,0.3,5.1,9.9,17,7.72,0.3,0.09,46.8,0.006,0.65,0.117,0.61,1.27,0.16,2.2,0.05,3.39,16,3.01,0.53,3.3,5.1,0.012,0.034,1.6,32,0.32,28.47,47,,,,,,,,,,,,,,,,,,,,,,,,,,,,,,,,,,,,,,,,,,,,,,,,,,,,,,,,,,,,,,,,,,,,,,,,,,,,,,,,,,,,,,,,,,,
PIMENTÃO,FJG115/195,12.9,81.5,0.35,0.012,88100.01,5194,3.12,1,31.25,1591.25,5.96,43.1,0.6,23,0.3,0.5,0.39,0.05,0.2,2.7,3.7,10.2,2.34,0.12,0.09,25.6,0.001,0.6,0.0746,0.36,0.41,0.11,0.8,0.05,1.88,8,1.74,0.25,4.1,2.5,0.004,0.029,0.15,17,0.43,28.85,21,,,,,,,,,,,,,,,,,,,,,,,,,,,,,,,,,,,,,,,,,,,,,,,,,,,,,,,,,,,,,,,,,,,,,,,,,,,,,,,,,,,,,,,,,,,
PIMENTÃO,FJG115/197,7.2,44.8,0.54,0.018,55200,19300,2.577,2.4,74.9,884.75,6.46,105.7,0.6,27,0.4,0.5,0.46,0.1,0.1,3.8,5,15.4,2.73,0.14,0.18,32.7,0.003,0.92,0.116,0.37,0.67,0.12,1.3,0.05,1.67,9,2.06,0.35,1.6,2.9,0.039,0.029,0.15,25,0.53,21.54,27,,,,,,,,,,,,,,,,,,,,,,,,,,,,,,,,,,,,,,,,,,,,,,,,,,,,,,,,,,,,,,,,,,,,,,,,,,,,,,,,,,,,,,,,,,,
PIMENTÃO,FJG119/193,22.7,87.7,0.6,0.028,82400,2371,1.811,149.5,20.01,2697.23,3.78,51.6,0.7,25,0.7,0.5,0.48,0.1,0.2,2.1,7.6,11.3,2.85,0.24,0.09,35.1,0.001,0.93,0.0726,0.83,0.62,0.24,1.7,0.05,0.66,11,1.36,0.37,2.2,3.2,0.006,0.025,0.6,26,0.39,25.65,39,,,,,,,,,,,,,,,,,,,,,,,,,,,,,,,,,,,,,,,,,,,,,,,,,,,,,,,,,,,,,,,,,,,,,,,,,,,,,,,,,,,,,,,,,,,
PIMENTÃO,FJG119/194,18,82.7,0.87,0.047,74600,5116,1.171,3.4,33.86,1772.71,6.4,93.7,1.6,18,0.6,0.5,0.4,0.1,0.2,2.9,9,12.7,5.78,0.22,0.11,30.6,0.001,1.32,0.0813,0.59,0.95,0.12,2.3,0.05,1.33,18,1.72,0.35,2.5,2.3,0.007,0.028,0.7,28,0.36,29.95,80,,,,,,,,,,,,,,,,,,,,,,,,,,,,,,,,,,,,,,,,,,,,,,,,,,,,,,,,,,,,,,,,,,,,,,,,,,,,,,,,,,,,,,,,,,,
PIMENTÃO,FJG119/197,57.5,176.5,1.3,0.054,93100.01,8775,1.852,4.8,45.83,2887.75,7.19,104.4,1.3,15,0.9,0.5,0.9,0.4,0.1,3.7,9.5,29.9,3.49,0.24,0.09,66.7,0.003,1.96,0.1133,0.35,1.15,0.15,2.9,0.05,2.43,20,1.8,0.82,4.7,3.7,0.015,0.029,0.6,12,0.38,27.49,59,,,,,,,,,,,,,,,,,,,,,,,,,,,,,,,,,,,,,,,,,,,,,,,,,,,,,,,,,,,,,,,,,,,,,,,,,,,,,,,,,,,,,,,,,,,
PIMENTÃO,FJG119/198,81.3,211.1,1.01,0.043,86300,4371,1.215,55.8,25.81,2395.48,6.73,49.1,1.2,35,0.8,0.5,0.75,0.4,0.3,4,7.4,18.5,2.82,0.25,0.08,52,0.006,1.48,0.102,0.59,0.92,0.18,2.5,0.05,0.99,14,1.97,0.65,4.9,5.7,0.042,0.034,0.9,13,0.39,29.75,59,,,,,,,,,,,,,,,,,,,,,,,,,,,,,,,,,,,,,,,,,,,,,,,,,,,,,,,,,,,,,,,,,,,,,,,,,,,,,,,,,,,,,,,,,,,
PIMENTÃO,FJG40/173,14.9,82.7,0.97,0.036,70200,9796,3.575,76.5,40.17,1533.55,6.4,82.1,1.6,111,0.8,0.5,0.84,0.2,1.5,3.2,9,21.6,6.09,0.2,0.18,59,0.001,1.14,0.1401,1.48,0.95,0.13,2,0.05,2.64,16,2.58,0.64,3.4,8.8,0.006,0.022,1.9,35,0.71,28.93,48,,,,,,,,,,,,,,,,,,,,,,,,,,,,,,,,,,,,,,,,,,,,,,,,,,,,,,,,,,,,,,,,,,,,,,,,,,,,,,,,,,,,,,,,,,,
PIMENTÃO,FJG40/184,16.4,83.6,0.99,0.042,75000,3630,3.293,2,29.44,1606.63,9.73,65.7,2,111,1,0.5,0.73,0.2,0.8,3,10.7,20.9,4.66,0.24,0.11,54.2,0.003,1.29,0.0996,2.03,1.13,0.23,2.5,0.1,2.38,19,1.88,0.62,3.2,13.7,0.013,0.028,1.9,42,0.48,27.4,66,,,,,,,,,,,,,,,,,,,,,,,,,,,,,,,,,,,,,,,,,,,,,,,,,,,,,,,,,,,,,,,,,,,,,,,,,,,,,,,,,,,,,,,,,,,
PIMENTÃO,FJG40/187,3.1,18,0.58,0.023,5400,7451,0.371,2.4,15.45,73.83,3.68,115.3,1.9,111,0.5,0.5,0.47,0.2,0.6,3.6,5.1,13.9,7.91,0.13,0.23,32.6,0.001,0.86,0.0731,0.75,0.55,0.24,1.3,0.05,0.18,11,1.87,0.36,2.7,1.9,0.029,0.033,0.3,26,0.29,34.69,31,,,,,,,,,,,,,,,,,,,,,,,,,,,,,,,,,,,,,,,,,,,,,,,,,,,,,,,,,,,,,,,,,,,,,,,,,,,,,,,,,,,,,,,,,,,
PIMENTÃO,FJG40/189,9,53.6,0.62,0.023,40400,9900,3.193,1.7,42.33,714.48,5.99,76.5,1.6,111,0.6,0.5,0.64,0.1,0.3,3.4,5.9,18.5,10.51,0.19,0.18,43.6,0.003,0.77,0.0943,1.5,0.69,0.24,1.4,0.05,1.31,12,1.99,0.42,2.3,2.8,0.002,0.03,0.5,29,0.43,27.27,36,,,,,,,,,,,,,,,,,,,,,,,,,,,,,,,,,,,,,,,,,,,,,,,,,,,,,,,,,,,,,,,,,,,,,,,,,,,,,,,,,,,,,,,,,,,
PIMENTÃO,FJG40/190,3.6,22.4,0.37,0.014,9500,2424,0.569,3.9,6.69,134.55,3.04,96.8,1.6,111,0.3,0.5,0.32,0.1,0.2,3.1,3.6,10,7.14,0.1,0.17,21.8,0.001,0.58,0.0577,0.63,0.45,0.2,0.7,0.05,0.08,8,1.91,0.21,1.5,1.6,0.004,0.028,0.5,19,0.3,34.66,24,,,,,,,,,,,,,,,,,,,,,,,,,,,,,,,,,,,,,,,,,,,,,,,,,,,,,,,,,,,,,,,,,,,,,,,,,,,,,,,,,,,,,,,,,,,
PIMENTÃO,FJG47/128,13,70.1,1.17,0.042,62100,10700,1.147,79,42.76,947.16,5.65,117.3,1.8,111,0.8,0.5,1.05,0.2,0.3,3.2,9.8,27.5,6.75,0.3,0.17,67.5,0.005,1.38,0.1164,1.01,1.41,0.48,3.1,0.05,0.71,24,2.22,0.73,4.8,7.7,0.007,0.026,2.5,34,0.43,25.95,52,,,,,,,,,,,,,,,,,,,,,,,,,,,,,,,,,,,,,,,,,,,,,,,,,,,,,,,,,,,,,,,,,,,,,,,,,,,,,,,,,,,,,,,,,,,
PIMENTÃO,FJG47/132,14.6,92.5,0.71,0.032,79000,3040,1.685,21.6,26.84,1054.28,5.45,53.8,1.2,111,0.7,0.5,0.49,0.1,0.2,2.9,7.3,11.6,2.77,0.27,0.13,33.5,0.001,1.01,0.1274,1.37,0.64,0.16,2.1,0.05,1.42,17,2.15,0.43,3,5.3,0.007,0.038,1,30,0.59,29.45,45,,,,,,,,,,,,,,,,,,,,,,,,,,,,,,,,,,,,,,,,,,,,,,,,,,,,,,,,,,,,,,,,,,,,,,,,,,,,,,,,,,,,,,,,,,,
PIMENTÃO,FJG47/139,18.2,105.5,1.47,0.051,85800,35600,3.258,1.8,68.91,1569.81,11.3,68.9,2.4,111,1.1,0.5,0.96,0.3,0.5,5.8,17.4,22.5,9.59,0.39,0.16,59.7,0.001,1.06,0.0805,1.29,1.54,0.19,3.1,0.1,3.6,27,2.8,0.85,5.1,14.5,0.008,0.032,2.2,26,0.3,27.54,54,,,,,,,,,,,,,,,,,,,,,,,,,,,,,,,,,,,,,,,,,,,,,,,,,,,,,,,,,,,,,,,,,,,,,,,,,,,,,,,,,,,,,,,,,,,
PIMENTÃO,FJG47/141,16.4,112.1,1.29,0.047,74800,3801,1.935,2.1,18.93,1456.45,8.01,56.3,1.6,111,1,0.5,0.69,0.2,0.2,4.9,12,16.6,5.28,0.31,0.1,54.4,0.001,0.93,0.0786,1.11,1.14,0.12,3.1,0.05,1.09,26,2.26,0.77,4.1,11.8,0.014,0.025,1.3,37,0.36,28.37,55,,,,,,,,,,,,,,,,,,,,,,,,,,,,,,,,,,,,,,,,,,,,,,,,,,,,,,,,,,,,,,,,,,,,,,,,,,,,,,,,,,,,,,,,,,,
PIMENTÃO,FJG47/145,14.5,75.8,1.44,0.058,62000,7443,1.973,1.5,27.84,1213.27,5.3,73.7,1.9,111,1.5,0.5,1.04,0.4,0.5,6.8,18,26.5,6.63,0.56,0.2,65.6,0.004,1.1,0.1861,1.11,1.63,0.11,3.8,0.1,2.76,25,5.09,0.85,8.9,11.8,0.01,0.03,0.9,46,0.37,22.31,66,,,,,,,,,,,,,,,,,,,,,,,,,,,,,,,,,,,,,,,,,,,,,,,,,,,,,,,,,,,,,,,,,,,,,,,,,,,,,,,,,,,,,,,,,,,
PIMENTÃO,FJG47/147,33.2,164.1,0.61,0.022,82700.01,2852,1.634,16.7,16.55,1892.58,4.56,34.1,0.7,111,0.4,1,0.33,0.05,0.5,3.7,7,10.8,2.8,0.21,0.09,22.8,0.001,0.67,0.0936,0.75,0.54,0.21,1.8,0.05,0.46,15,2.42,0.23,3.2,2.1,0.008,0.034,1.7,13,0.19,32.46,32,,,,,,,,,,,,,,,,,,,,,,,,,,,,,,,,,,,,,,,,,,,,,,,,,,,,,,,,,,,,,,,,,,,,,,,,,,,,,,,,,,,,,,,,,,,
PIMENTÃO,FJG84/209,17.2,86.4,1.68,0.07,53100,10700,1.71,3.7,38.35,365,5.7,199.3,2.4,111,1.5,2,1.79,0.3,0.3,4.1,16.2,45.3,7.02,0.46,0.22,111.3,0.001,1.75,0.0999,0.92,1.64,0.14,3.6,0.1,1.34,32,1.38,1.12,5.5,16.6,0.012,0.035,0.9,73,0.45,27.11,89,,,,,,,,,,,,,,,,,,,,,,,,,,,,,,,,,,,,,,,,,,,,,,,,,,,,,,,,,,,,,,,,,,,,,,,,,,,,,,,,,,,,,,,,,,,
PIMENTÃO,FJG84/212,5.5,28.3,0.41,0.017,20400,3318,0.522,4.7,9.07,153.32,3.56,119,1.2,111,0.3,0.5,0.35,0.1,4,4.3,3.7,10.6,3.34,0.07,0.12,24,0.001,0.88,0.0914,0.91,0.39,0.22,1.1,0.05,0.43,8,2.63,0.27,1.9,1.8,0.025,0.029,0.5,18,0.34,32.25,34,,,,,,,,,,,,,,,,,,,,,,,,,,,,,,,,,,,,,,,,,,,,,,,,,,,,,,,,,,,,,,,,,,,,,,,,,,,,,,,,,,,,,,,,,,,
PIMENTÃO,FJG84/214,10.4,74.5,1.11,0.044,80100,6888,2.329,3.5,53.15,1259.48,7.69,70,1.3,111,0.9,1,0.99,0.2,0.5,4.5,12,24.2,4.82,0.37,0.18,60.1,0.008,1.21,0.1349,0.98,0.9,0.1,2.9,0.05,0.86,22,3.26,0.74,3.9,10.4,0.04,0.034,0.7,33,0.56,28.69,61,,,,,,,,,,,,,,,,,,,,,,,,,,,,,,,,,,,,,,,,,,,,,,,,,,,,,,,,,,,,,,,,,,,,,,,,,,,,,,,,,,,,,,,,,,,
PIMENTÃO,FJG84/215,5.8,36.2,2.45,0.079,40900,7294,1.758,3.4,38.22,460.64,6.99,200,2.5,111,1.7,1,2.31,0.4,0.7,5.2,23.1,75.8,9.78,0.76,0.36,156.4,0.004,1.51,0.1325,0.97,2,0.14,4.5,0.2,1.14,35,2.09,1.84,6.1,21.4,0.121,0.025,0.5,51,0.42,21.83,95,,,,,,,,,,,,,,,,,,,,,,,,,,,,,,,,,,,,,,,,,,,,,,,,,,,,,,,,,,,,,,,,,,,,,,,,,,,,,,,,,,,,,,,,,,,
PIMENTÃO,FJG86/217,13,77,0.53,0.034,88100.01,2151,2.613,1.8,27.03,1219.88,5.54,47.2,0.7,111,0.4,0.5,0.44,0.05,0.4,3.1,5.9,11.4,2.15,0.14,0.12,32,0.005,0.94,0.0851,0.87,0.51,0.07,1.9,0.05,1.49,12,2.24,0.37,2.7,4.5,0.01,0.033,1.6,31,0.62,30.58,30,,,,,,,,,,,,,,,,,,,,,,,,,,,,,,,,,,,,,,,,,,,,,,,,,,,,,,,,,,,,,,,,,,,,,,,,,,,,,,,,,,,,,,,,,,,
PIMENTÃO,FJG86/218,13.2,81.6,0.31,0.014,100000,3166,3.14,3,17.5,1351.1,6.32,34.1,0.4,111,0.4,0.5,0.24,0.05,0.2,4.4,3.4,6.6,1.33,0.12,0.09,16.3,0.004,0.9,0.1084,0.78,0.41,0.06,1.4,0.05,2.02,6,3.73,0.19,4.1,2.2,0.006,0.043,4,14,0.62,31.61,25,,,,,,,,,,,,,,,,,,,,,,,,,,,,,,,,,,,,,,,,,,,,,,,,,,,,,,,,,,,,,,,,,,,,,,,,,,,,,,,,,,,,,,,,,,,
PIMENTÃO,FJG86/219,3.2,19.8,0.37,0.015,16300,4071,0.84,2.5,9.48,283.26,4.03,88.5,1.3,111,0.3,0.5,0.31,0.05,0.2,4.5,2.9,8.8,3.9,0.11,0.12,21.4,0.002,0.49,0.0593,0.61,0.4,0.19,1.1,0.05,0.29,7,2.57,0.2,4,1.6,0.007,0.03,0.15,15,0.38,34.58,28,,,,,,,,,,,,,,,,,,,,,,,,,,,,,,,,,,,,,,,,,,,,,,,,,,,,,,,,,,,,,,,,,,,,,,,,,,,,,,,,,,,,,,,,,,,
PIMENTÃO,FJG86/223,11.2,69.6,0.49,0.016,69600,7164,1.388,1.7,40.48,1474.63,6.5,70.6,0.8,111,0.4,0.5,0.47,0.1,0.2,3.6,3.4,11.1,4.54,0.09,0.1,29.9,0.001,0.78,0.1026,0.73,0.52,0.08,1.2,0.05,1.06,10,2.63,0.32,2.9,2.8,0.007,0.029,1,16,0.58,29.29,26,,,,,,,,,,,,,,,,,,,,,,,,,,,,,,,,,,,,,,,,,,,,,,,,,,,,,,,,,,,,,,,,,,,,,,,,,,,,,,,,,,,,,,,,,,,
PIMENTÃO,FJG86/224,6.5,42.9,0.5,0.022,50900,26400,2.073,2.4,85.27,1137.02,5.9,94.2,1.1,111,0.4,0.5,0.56,0.1,0.1,5.1,4.8,12.9,5.27,0.15,0.16,33.9,0.001,0.89,0.1508,0.56,0.58,0.15,1.5,0.05,1.44,8,3.78,0.36,4,2.6,0.007,0.031,0.6,20,0.62,26.05,32,,,,,,,,,,,,,,,,,,,,,,,,,,,,,,,,,,,,,,,,,,,,,,,,,,,,,,,,,,,,,,,,,,,,,,,,,,,,,,,,,,,,,,,,,,,
PIMENTÃO,FJG86/225,16.3,64.5,1.52,0.068,58900,38900,2.805,221.2,112.79,1582.11,8.75,150.1,2.6,111,1.5,0.5,1.52,0.3,0.3,5.8,16.2,40.9,5.62,0.47,0.23,92.3,0.001,1.26,0.1802,0.94,1.6,0.37,3.6,0.1,1.31,23,3.12,1.13,5.8,10.5,0.036,0.03,0.5,69,0.81,24.14,80,,,,,,,,,,,,,,,,,,,,,,,,,,,,,,,,,,,,,,,,,,,,,,,,,,,,,,,,,,,,,,,,,,,,,,,,,,,,,,,,,,,,,,,,,,,
PIMENTÃO,FJG86/226,14.9,57.8,2.35,0.096,61500,11600,1.345,192.6,45.49,890.34,8.74,196.3,3.3,111,2.4,2,2.5,0.6,0.4,5,24,68.8,9.4,0.68,0.29,149.3,0.001,1.78,0.1992,0.69,2.56,0.42,5.5,0.2,1.13,37,2.8,1.84,8.5,21.3,0.013,0.021,0.9,90,0.71,25.03,106,,,,,,,,,,,,,,,,,,,,,,,,,,,,,,,,,,,,,,,,,,,,,,,,,,,,,,,,,,,,,,,,,,,,,,,,,,,,,,,,,,,,,,,,,,,
PIMENTÃO,FJG86/227,26.5,75.7,1.32,0.058,81400,15400,1.746,465.8,64.48,1420.42,8.27,94.8,1.9,111,1.5,0.5,1.16,0.3,0.5,4.2,17.3,28,5.52,0.46,0.19,77.1,0.006,1.11,0.154,0.57,1.67,0.96,3.1,0.1,1.94,23,3.03,0.86,5.7,12.9,0.036,0.029,1.5,52,0.65,26.75,61,,,,,,,,,,,,,,,,,,,,,,,,,,,,,,,,,,,,,,,,,,,,,,,,,,,,,,,,,,,,,,,,,,,,,,,,,,,,,,,,,,,,,,,,,,,
PIMENTÃO,FJG86/235,18.4,91,0.97,0.051,73700,7843,2.288,8.8,36.66,1657.08,10.74,46.6,1.2,111,1.5,0.5,0.45,0.3,4,8.7,15.3,10.1,3.84,0.4,0.17,35.7,0.001,0.83,0.139,1.48,1.15,0.14,2.7,0.05,0.73,19,5.98,0.52,7.4,7.9,0.065,0.029,1.1,53,0.71,23.89,70,,,,,,,,,,,,,,,,,,,,,,,,,,,,,,,,,,,,,,,,,,,,,,,,,,,,,,,,,,,,,,,,,,,,,,,,,,,,,,,,,,,,,,,,,,,
PIMENTÃO,FJG86/236,22.2,108.8,1.18,0.049,86899.99,7953,2.209,7.9,50.16,1931.09,8.36,55.7,1.4,111,1.2,0.5,0.78,0.3,4.5,7.4,12.7,18.7,4.9,0.34,0.17,53.1,0.002,0.85,0.0892,0.83,1.19,0.1,2.6,0.05,3.11,23,3.5,0.7,4.8,11.9,0.014,0.034,1.7,40,0.47,29.41,68,,,,,,,,,,,,,,,,,,,,,,,,,,,,,,,,,,,,,,,,,,,,,,,,,,,,,,,,,,,,,,,,,,,,,,,,,,,,,,,,,,,,,,,,,,,
PIMENTÃO,FJG86/281,12.1,79.3,1.33,0.052,48500,15100,0.887,180,42.95,767.74,9.34,199.9,2.1,111,1.2,0.5,0.78,0.3,2.5,5.5,13.1,35.4,6.82,0.33,0.24,55.7,0.001,1.15,0.1402,1.78,1.32,0.69,3.1,0.05,0.45,22,3.49,0.59,3.9,3.4,0.042,0.028,1.2,52,0.48,23.17,66,,,,,,,,,,,,,,,,,,,,,,,,,,,,,,,,,,,,,,,,,,,,,,,,,,,,,,,,,,,,,,,,,,,,,,,,,,,,,,,,,,,,,,,,,,,
PIMENTÃO,FJG88/179,24.8,82.3,0.79,0.036,85700,12200,2.27,435.7,43.13,1622.61,6.11,79.8,1.2,111,0.5,0.5,0.61,0.1,0.9,3.7,7.3,14.8,3.28,0.19,0.11,37.9,0.001,1.14,0.1284,1.03,0.79,0.58,1.9,0.05,0.92,15,2.55,0.41,3.8,4.3,0.013,0.032,1,29,0.6,28.89,54,,,,,,,,,,,,,,,,,,,,,,,,,,,,,,,,,,,,,,,,,,,,,,,,,,,,,,,,,,,,,,,,,,,,,,,,,,,,,,,,,,,,,,,,,,,
PIMENTÃO,FJG88/182,18.4,84,0.91,0.037,91000,3504,2.093,8.7,25.6,1984.28,6.61,62.8,1.3,111,0.7,0.5,0.51,0.1,0.5,5,9.1,17.8,3.86,0.28,0.05,38.1,0.001,0.81,0.0861,1.93,0.71,0.13,2.1,0.05,1.26,17,3.56,0.44,3.6,3.3,0.042,0.033,0.7,33,0.57,29,74,,,,,,,,,,,,,,,,,,,,,,,,,,,,,,,,,,,,,,,,,,,,,,,,,,,,,,,,,,,,,,,,,,,,,,,,,,,,,,,,,,,,,,,,,,,
PIMENTÃO,FJG88/183,17.1,75.5,0.79,0.027,88100.01,11100,2.727,5.6,46.49,1333.79,5.84,72.9,1.1,111,0.5,0.5,0.37,0.1,0.6,4.5,6,24.9,3.68,0.17,0.1,35.9,0.001,0.55,0.0736,1.42,0.81,0.25,1.6,0.05,2.31,13,4.27,0.34,3.4,4.1,0.045,0.028,0.7,29,0.54,29.03,54,,,,,,,,,,,,,,,,,,,,,,,,,,,,,,,,,,,,,,,,,,,,,,,,,,,,,,,,,,,,,,,,,,,,,,,,,,,,,,,,,,,,,,,,,,,
PIMENTÃO,FJG90/238,14.1,72.6,1.66,0.064,75500,10300,1.951,780.1,46.03,1054.49,5.23,144.1,2.3,111,1.3,1,1.41,0.3,1.6,5.2,16.2,39.1,6.24,0.39,0.16,91.6,0.001,1.29,0.1509,0.56,1.61,0.76,3.7,0.05,2.21,24,2.26,1.03,6,8.8,0.041,0.023,0.8,63,0.47,24.38,76,,,,,,,,,,,,,,,,,,,,,,,,,,,,,,,,,,,,,,,,,,,,,,,,,,,,,,,,,,,,,,,,,,,,,,,,,,,,,,,,,,,,,,,,,,,
PIMENTÃO,FJG92/118,14.4,70.2,1.13,0.055,67300,7832,0.947,90,28.18,809.29,9.44,197.5,1.5,111,0.9,0.5,0.65,0.3,0.6,5.8,12.4,32.7,4.32,0.32,0.17,59.2,0.002,1.31,0.1764,0.81,1.08,0.64,3,0.05,0.59,21,3.68,0.55,5.1,2.1,0.036,0.036,0.6,46,0.53,28.56,64,,,,,,,,,,,,,,,,,,,,,,,,,,,,,,,,,,,,,,,,,,,,,,,,,,,,,,,,,,,,,,,,,,,,,,,,,,,,,,,,,,,,,,,,,,,
,,,,,,,,,,,,,,,,,,,,,,,,,,,,,,,,,,,,,,,,,,,,,,,,,,,,,,,,,,,,,,,,,,,,,,,,,,,,,,,,,,,,,,,,,,,,,,,,,,,,,,,,,,,,,,,,,,,,,,,,,,,,,,,,,,,,,,,,,,,
