Body,Sample,Au_ppb,Ag_ppm,As_ppm,Bi_ppm,Cr_ppm,Cu_ppm,Pb_ppm,Zn_ppm,Al_pct,Fe_pct,S_ppm,Sb_ppm,Te_ppm,Ti_pct,Co_ppm,Ni_ppm,Ba_ppm,Cd_ppm,Mg_pct,Mn_pct,Sc_ppm,V_ppm,Ca_pct,K_pct,Na_pct,P_pct,La_ppm,Se_ppm,W_ppm,Zr_ppm,Nb_ppm,Th_ppm,U_ppm,Y_ppm,Hf_ppm,Rb_ppm,Sr_ppm,Mo_ppm,Sn_ppm,Tl_ppm,In_ppm,Re_ppm,,,,,,,,,,,,,,,,,,,,,,,,,,,,,,,,,,,,,,,,,,,,,,,,,,,,,,,,,,,,,,,,,,,,,,,,,,,,,,,,,,,,,,,,,,,,,,,,
BIQUINHO,FJG101/062,3414,0.354,646.7,14.04,45,263.27,3.77,66.9,1.12,21.19,23000,1.44,0.44,0.045,6.5,44.2,18,0.09,1.24,0.1434,2.5,17,6.07,0.27,0.034,0.029,8,0.5,35.9,11.3,1.2,1,0.3,6.6,0.28,35.9,44,0.67,1.1,0.43,0.16,0.004,,,,,,,,,,,,,,,,,,,,,,,,,,,,,,,,,,,,,,,,,,,,,,,,,,,,,,,,,,,,,,,,,,,,,,,,,,,,,,,,,,,,,,,,,,,,,,,,
BIQUINHO,FJG101/063,59,0.036,32.1,0.71,43,82.64,2.34,91,0.63,22.17,5800,70,0.13,0.033,5.6,26,11,0.29,1.45,0.1752,1.6,12,6.76,0.08,0.011,0.046,5.2,1.1,0.8,9.9,0.79,0.8,0.2,9.6,0.3,7.4,51,0.53,0.9,0.12,0.18,0.001,,,,,,,,,,,,,,,,,,,,,,,,,,,,,,,,,,,,,,,,,,,,,,,,,,,,,,,,,,,,,,,,,,,,,,,,,,,,,,,,,,,,,,,,,,,,,,,,
BIQUINHO,FJG101/065,156,0.045,102.3,0.82,70,45.96,1.36,148.2,1.49,25.26,2300,0.92,0.1,0.069,12,77.4,22,0.24,2.18,0.2444,4.3,28,2.48,0.18,0.012,0.031,3.7,0.15,0.5,17.4,1.55,1.3,0.4,5.9,0.54,15.7,21,1.65,1,0.21,0.15,0.009,,,,,,,,,,,,,,,,,,,,,,,,,,,,,,,,,,,,,,,,,,,,,,,,,,,,,,,,,,,,,,,,,,,,,,,,,,,,,,,,,,,,,,,,,,,,,,,,
BIQUINHO,FJG101/066,87,0.136,76.2,0.59,47,42.87,1.46,138.7,0.94,23.1,2300,1.25,0.025,0.046,7.5,42.7,20,0.3,2.04,0.2289,2.4,17,3.25,0.15,0.016,0.034,4.3,0.15,1,11.1,0.95,1,0.3,5.3,0.25,13.8,28,0.72,0.8,0.18,0.13,0.002,,,,,,,,,,,,,,,,,,,,,,,,,,,,,,,,,,,,,,,,,,,,,,,,,,,,,,,,,,,,,,,,,,,,,,,,,,,,,,,,,,,,,,,,,,,,,,,,
BIQUINHO,FJG101/072,368,0.065,466.8,1.41,69,22.45,1.43,608,2.09,23.2,2200,1.21,0.28,0.083,11,69.5,24,0.39,1.29,0.3826,4.3,24,5.24,0.23,0.03,0.03,13.4,0.15,1,36.1,2.33,2.1,0.6,9.3,0.97,31.4,37,1.51,2.1,0.35,0.48,0.002,,,,,,,,,,,,,,,,,,,,,,,,,,,,,,,,,,,,,,,,,,,,,,,,,,,,,,,,,,,,,,,,,,,,,,,,,,,,,,,,,,,,,,,,,,,,,,,,
BIQUINHO,FJG101/073,147,0.044,537.1,0.65,108,16.38,1.81,595.8,2.77,27.25,1900,1.06,0.29,0.109,19.8,109.2,12,1.34,1.58,0.3917,6.1,34,3.19,0.14,0.012,0.036,7.7,0.15,1.1,33.5,2.31,2.6,0.8,7.8,0.98,16.5,31,2.01,2,0.22,0.64,0.001,,,,,,,,,,,,,,,,,,,,,,,,,,,,,,,,,,,,,,,,,,,,,,,,,,,,,,,,,,,,,,,,,,,,,,,,,,,,,,,,,,,,,,,,,,,,,,,,
BIQUINHO,FJG102/088,24,0.032,8.7,0.26,19,41.21,1.03,175.6,0.34,33.13,3300,0.79,0.1,0.017,4.4,19,5,0.09,1.06,0.1264,0.8,6,2.4,0.05,0.023,0.029,2.7,0.15,0.7,4.8,0.49,0.3,0.1,4,0.14,8.8,16,0.83,2.4,0.025,0.15,0.001,,,,,,,,,,,,,,,,,,,,,,,,,,,,,,,,,,,,,,,,,,,,,,,,,,,,,,,,,,,,,,,,,,,,,,,,,,,,,,,,,,,,,,,,,,,,,,,,
BIQUINHO,FJG102/094,5198,0.594,6060.8,20,62,74.06,8.18,194.7,1.76,23.19,26400,3.66,0.69,0.074,14.4,50.1,35,0.09,2.07,0.2764,4.4,27,4.33,0.66,0.085,0.032,7.5,0.6,1.7,25.2,1.82,1.6,0.5,6.4,0.65,83.8,60,0.63,3.5,1.13,0.32,0.005,,,,,,,,,,,,,,,,,,,,,,,,,,,,,,,,,,,,,,,,,,,,,,,,,,,,,,,,,,,,,,,,,,,,,,,,,,,,,,,,,,,,,,,,,,,,,,,,
BIQUINHO,FJG102/098,55,0.051,78.5,0.24,17,20.36,0.91,175.1,0.39,32.59,1600,1.01,0.07,0.019,4.1,22.5,7,0.07,1.33,0.2716,1.1,6,3.38,0.08,0.035,0.035,3.9,0.15,0.4,5.2,0.61,0.5,0.1,5.4,0.18,11.3,44,0.67,2.5,0.08,0.34,0.001,,,,,,,,,,,,,,,,,,,,,,,,,,,,,,,,,,,,,,,,,,,,,,,,,,,,,,,,,,,,,,,,,,,,,,,,,,,,,,,,,,,,,,,,,,,,,,,,
BIQUINHO,FJG102/101,102,0.039,345.3,0.33,23,46.46,1.28,109.1,0.45,33.71,4600,1.07,0.04,0.023,8.8,26.8,7,0.07,0.91,0.2145,1.3,10,2.43,0.07,0.028,0.028,3.6,0.4,0.4,6.5,0.51,0.4,0.1,4.4,0.21,10,21,1.2,2.5,0.09,0.23,0.001,,,,,,,,,,,,,,,,,,,,,,,,,,,,,,,,,,,,,,,,,,,,,,,,,,,,,,,,,,,,,,,,,,,,,,,,,,,,,,,,,,,,,,,,,,,,,,,,
BIQUINHO,FJG102/102,68,0.076,309.4,0.34,67,79.21,1.62,168,1.55,25.16,7800,1.34,0.1,0.066,11.3,73.3,15,0.11,1.14,0.2386,4.5,27,1.64,0.12,0.026,0.039,6.3,0.7,0.7,20.7,1.44,1.7,0.4,6.9,0.48,14.4,13,1.4,1.8,0.17,0.25,0.001,,,,,,,,,,,,,,,,,,,,,,,,,,,,,,,,,,,,,,,,,,,,,,,,,,,,,,,,,,,,,,,,,,,,,,,,,,,,,,,,,,,,,,,,,,,,,,,,
BIQUINHO,FJG102/103,72,0.042,404.3,0.17,70,43.01,1.4,116.8,1.53,24.88,3700,0.87,0.09,0.08,15.1,41.5,8,0.16,0.85,0.1867,4.1,25,1.86,0.07,0.019,0.019,5,0.15,0.5,21.2,1.73,1.5,0.4,4.9,0.64,8.9,15,1.51,1.8,0.09,0.23,0.009,,,,,,,,,,,,,,,,,,,,,,,,,,,,,,,,,,,,,,,,,,,,,,,,,,,,,,,,,,,,,,,,,,,,,,,,,,,,,,,,,,,,,,,,,,,,,,,,
BIQUINHO,FJG102/104,17,0.025,122.9,0.08,8,31.54,1.55,160.8,0.28,31.96,3100,0.61,0.06,0.007,3.5,14.4,3,0.3,1.16,0.3624,0.5,4,4.79,0.02,0.016,0.026,1.8,0.15,0.3,2.1,0.21,0.2,0.05,4,0.06,3.2,44,0.48,1.9,0.025,0.3,0.002,,,,,,,,,,,,,,,,,,,,,,,,,,,,,,,,,,,,,,,,,,,,,,,,,,,,,,,,,,,,,,,,,,,,,,,,,,,,,,,,,,,,,,,,,,,,,,,,
BIQUINHO,FJG102/105,22,0.053,65.8,0.18,10,89.31,1.67,132.5,0.28,31.55,7800,0.65,0.09,0.008,3.9,19.6,2,0.32,0.88,0.27,0.5,5,4.56,0.01,0.012,0.023,2.5,0.5,0.3,2.1,0.21,0.2,0.05,3.8,0.07,2.6,38,0.58,2.2,0.025,0.23,0.001,,,,,,,,,,,,,,,,,,,,,,,,,,,,,,,,,,,,,,,,,,,,,,,,,,,,,,,,,,,,,,,,,,,,,,,,,,,,,,,,,,,,,,,,,,,,,,,,
BIQUINHO,FJG102/106,149,0.059,905.9,0.34,44,37.25,2.94,112.2,1.22,21.93,3500,0.57,0.2,0.042,6.5,37.3,16,0.36,0.79,0.2122,2.4,18,8.24,0.17,0.011,0.028,5.7,0.15,1,12.8,0.95,1,0.3,7,0.38,17.1,77,0.4,2.2,0.22,0.56,0.003,,,,,,,,,,,,,,,,,,,,,,,,,,,,,,,,,,,,,,,,,,,,,,,,,,,,,,,,,,,,,,,,,,,,,,,,,,,,,,,,,,,,,,,,,,,,,,,,
BIQUINHO,FJG102/107,187,0.085,772.7,0.67,18,100.76,1.88,129.4,0.58,26.15,7200,1.02,0.33,0.013,6.7,30.4,6,0.32,0.97,0.2413,0.7,9,5.28,0.05,0.017,0.031,3.7,1,0.5,4.4,0.43,0.3,0.1,4.7,0.14,8,42,0.78,2,0.07,0.38,0.001,,,,,,,,,,,,,,,,,,,,,,,,,,,,,,,,,,,,,,,,,,,,,,,,,,,,,,,,,,,,,,,,,,,,,,,,,,,,,,,,,,,,,,,,,,,,,,,,
BIQUINHO,FJG102/108,79,0.074,360.8,0.31,27,79.38,1.74,145.3,1.01,28.34,4600,0.6,0.23,0.02,5.2,28.2,7,0.34,1.09,0.2316,1.2,12,4.72,0.06,0.01,0.024,3.5,0.9,17.3,5.2,0.61,0.5,0.1,5.2,0.15,7.4,39,0.75,2.2,0.08,0.34,0.001,,,,,,,,,,,,,,,,,,,,,,,,,,,,,,,,,,,,,,,,,,,,,,,,,,,,,,,,,,,,,,,,,,,,,,,,,,,,,,,,,,,,,,,,,,,,,,,,
BIQUINHO,FJG102/112,89,0.059,545.1,0.37,49,45.69,2.17,171.1,0.87,31.86,2900,0.99,0.36,0.038,12.3,35,3,0.29,2.22,0.1687,1.8,16,5.87,0.01,0.009,0.038,8.5,0.15,5.2,15.8,1.09,1.4,0.3,6.5,0.44,3.5,60,0.83,1.9,0.025,0.19,0.001,,,,,,,,,,,,,,,,,,,,,,,,,,,,,,,,,,,,,,,,,,,,,,,,,,,,,,,,,,,,,,,,,,,,,,,,,,,,,,,,,,,,,,,,,,,,,,,,
BIQUINHO,FJG102/113,200,0.131,174.6,0.67,189,30.95,2.8,180.1,2.34,28.31,1800,1.15,0.85,0.137,10.7,81.8,5,0.49,2.95,0.2095,4.7,34,9.25,0.03,0.012,0.043,13.5,0.15,1.3,50.1,3.65,6.3,1.8,8.9,1.5,5.5,80,1.43,1.4,0.05,0.24,0.005,,,,,,,,,,,,,,,,,,,,,,,,,,,,,,,,,,,,,,,,,,,,,,,,,,,,,,,,,,,,,,,,,,,,,,,,,,,,,,,,,,,,,,,,,,,,,,,,
BIQUINHO,FJG102/115,83,0.11,3.9,0.26,33,36.7,1.06,188.6,0.65,33.68,2300,0.72,0.15,0.029,5,30,11,0.13,1.34,0.076,1.8,14,1.16,0.07,0.01,0.031,2.8,0.3,1.5,8.6,0.76,0.6,0.2,4.6,0.23,10,12,0.87,2.3,0.15,0.18,0.004,,,,,,,,,,,,,,,,,,,,,,,,,,,,,,,,,,,,,,,,,,,,,,,,,,,,,,,,,,,,,,,,,,,,,,,,,,,,,,,,,,,,,,,,,,,,,,,,
BIQUINHO,FJG102/117,96,0.052,40.5,0.41,110,33.38,1.75,328.2,2.34,26.47,2100,0.91,0.31,0.105,15,95.4,11,0.3,2.11,0.1927,6.1,42,3.04,0.07,0.012,0.035,9.5,0.15,1.1,32,2.58,2.8,0.6,8.6,0.93,10.4,33,1.64,1.5,0.16,0.28,0.001,,,,,,,,,,,,,,,,,,,,,,,,,,,,,,,,,,,,,,,,,,,,,,,,,,,,,,,,,,,,,,,,,,,,,,,,,,,,,,,,,,,,,,,,,,,,,,,,
BIQUINHO,FJG102/118,153,0.072,1215.7,0.62,100,44.31,2.28,402.6,1.98,26.15,3400,1.26,0.27,0.093,18.5,109.3,7,0.41,1.77,0.339,5.3,37,3.68,0.05,0.013,0.036,8.7,0.6,14.4,27.5,2.2,2.4,0.6,7.6,0.94,7.8,40,1.9,1.7,0.11,0.32,0.006,,,,,,,,,,,,,,,,,,,,,,,,,,,,,,,,,,,,,,,,,,,,,,,,,,,,,,,,,,,,,,,,,,,,,,,,,,,,,,,,,,,,,,,,,,,,,,,,
BIQUINHO,FJG102/119,200,0.082,1066.4,0.85,71,79.19,2.22,495.9,1.78,22.63,4300,0.81,0.37,0.07,12.3,76.5,5,0.79,1.1,0.383,3.6,26,4.91,0.03,0.009,0.034,7.6,0.4,1.3,28.9,2.14,1.9,0.6,8,0.92,4.7,42,1.91,2.1,0.07,0.37,0.001,,,,,,,,,,,,,,,,,,,,,,,,,,,,,,,,,,,,,,,,,,,,,,,,,,,,,,,,,,,,,,,,,,,,,,,,,,,,,,,,,,,,,,,,,,,,,,,,
BIQUINHO,FJG102/121,187,0.114,597.6,1,150,104.59,3.13,331.2,3.02,23.63,6100,1.22,0.72,0.135,32.4,168.8,4,0.46,1.7,0.379,8,55,5.46,0.01,0.014,0.028,12.3,0.8,7.3,42,3.3,3.2,0.8,9.9,1.02,0.5,54,3.13,1.7,0.025,0.51,0.009,,,,,,,,,,,,,,,,,,,,,,,,,,,,,,,,,,,,,,,,,,,,,,,,,,,,,,,,,,,,,,,,,,,,,,,,,,,,,,,,,,,,,,,,,,,,,,,,
BIQUINHO,FJG102/122,58,0.067,32.3,0.34,61,61.43,1.68,275.2,1.21,25.81,3200,0.7,0.15,0.054,10.2,50.7,1,0.23,1.88,0.2146,2.9,23,2.37,0.01,0.011,0.032,6.3,0.15,0.7,16.8,1.28,1.5,0.3,5.5,0.49,1.7,26,1.52,1.7,0.025,0.24,0.01,,,,,,,,,,,,,,,,,,,,,,,,,,,,,,,,,,,,,,,,,,,,,,,,,,,,,,,,,,,,,,,,,,,,,,,,,,,,,,,,,,,,,,,,,,,,,,,,
BIQUINHO,FJG105/137,677,0.157,2589.7,2.3,266,164.86,6.05,857,4.96,21.91,7500,0.81,0.29,0.274,38.9,269.1,144,0.31,2.02,0.1575,16.1,97,1.94,2.14,0.011,0.033,19.9,1.1,1.8,73,6.38,6.1,1.4,9.7,2.21,191.9,17,1.86,22.2,3.12,0.93,0.004,,,,,,,,,,,,,,,,,,,,,,,,,,,,,,,,,,,,,,,,,,,,,,,,,,,,,,,,,,,,,,,,,,,,,,,,,,,,,,,,,,,,,,,,,,,,,,,,
BIQUINHO,FJG105/139,49,0.084,95,0.35,24,87.91,2.97,197.4,0.72,27.84,3300,0.44,0.36,0.022,6.2,39.7,6,0.25,1,0.2391,1.3,8,5.31,0.04,0.008,0.028,3.6,0.5,0.8,8.4,0.8,0.7,0.2,4.6,0.27,5.3,59,0.77,3.1,0.07,0.46,0.001,,,,,,,,,,,,,,,,,,,,,,,,,,,,,,,,,,,,,,,,,,,,,,,,,,,,,,,,,,,,,,,,,,,,,,,,,,,,,,,,,,,,,,,,,,,,,,,,
BIQUINHO,FJG105/141,33,0.08,489.3,0.36,13,219.3,2.05,192.1,0.26,25.56,5200,0.92,0.2,0.011,7.4,44.3,6,0.21,1.04,0.2742,0.9,5,5.41,0.05,0.011,0.025,3.6,0.7,0.6,5,0.49,0.3,0.1,4.5,0.14,5.8,55,0.48,3.4,0.06,0.4,0.002,,,,,,,,,,,,,,,,,,,,,,,,,,,,,,,,,,,,,,,,,,,,,,,,,,,,,,,,,,,,,,,,,,,,,,,,,,,,,,,,,,,,,,,,,,,,,,,,
BIQUINHO,FJG112/131,472,0.194,517.5,1.1,27,19.14,2.95,59.4,0.43,33.89,3600,0.43,0.28,0.035,3.5,17.8,24,0.2,0.94,0.0889,1.9,13,2.26,0.2,0.037,0.039,1.6,0.5,1.7,9.5,0.58,0.6,0.3,4.2,0.22,23.5,18,0.88,1.9,0.25,0.14,0.001,,,,,,,,,,,,,,,,,,,,,,,,,,,,,,,,,,,,,,,,,,,,,,,,,,,,,,,,,,,,,,,,,,,,,,,,,,,,,,,,,,,,,,,,,,,,,,,,
BIQUINHO,FJG112/133,17,0.066,10,0.2,25,31.82,2.74,109.4,0.27,37.62,2000,0.27,0.04,0.013,3.2,16.5,8,0.22,0.83,0.0527,1,6,1.22,0.11,0.017,0.026,1.9,1.2,0.4,4.1,0.45,0.4,0.05,3.2,0.11,15,13,1.52,2.4,0.2,0.13,0.001,,,,,,,,,,,,,,,,,,,,,,,,,,,,,,,,,,,,,,,,,,,,,,,,,,,,,,,,,,,,,,,,,,,,,,,,,,,,,,,,,,,,,,,,,,,,,,,,
BIQUINHO,FJG112/150,355,0.112,551,0.93,31,18.28,3.01,299.3,0.44,38.66,2500,0.28,0.15,0.023,5.1,24.2,23,0.45,0.82,0.1648,1.4,10,2.34,0.17,0.033,0.031,3.3,0.5,0.3,8.2,0.71,0.5,0.1,4,0.16,19.6,36,0.88,2.4,0.24,0.29,0.006,,,,,,,,,,,,,,,,,,,,,,,,,,,,,,,,,,,,,,,,,,,,,,,,,,,,,,,,,,,,,,,,,,,,,,,,,,,,,,,,,,,,,,,,,,,,,,,,
BIQUINHO,FJG112/153,153,0.095,106.4,0.62,245,40.78,2.74,179.3,4.16,25.25,5600,0.17,0.08,0.183,21.6,145.1,83,0.14,1.68,0.0635,9.8,68,1.29,0.68,0.142,0.029,16,0.5,0.8,50.2,3.82,4.5,1,5.9,1.25,42.2,19,1.55,1.4,0.48,0.16,0.001,,,,,,,,,,,,,,,,,,,,,,,,,,,,,,,,,,,,,,,,,,,,,,,,,,,,,,,,,,,,,,,,,,,,,,,,,,,,,,,,,,,,,,,,,,,,,,,,
BIQUINHO,FJG115/115,555,0.077,2308.6,2.06,27,9.01,1.81,139,0.71,32.48,3600,0.9,0.22,0.033,7.8,33.5,11,0.27,0.94,0.2567,1.8,13,3.57,0.08,0.009,0.027,2.8,0.15,1.2,9.4,0.63,0.6,0.2,4.1,0.25,8.3,28,0.39,2.6,0.1,0.33,0.003,,,,,,,,,,,,,,,,,,,,,,,,,,,,,,,,,,,,,,,,,,,,,,,,,,,,,,,,,,,,,,,,,,,,,,,,,,,,,,,,,,,,,,,,,,,,,,,,
BIQUINHO,FJG115/116,590,0.047,1558.3,2.08,25,2.63,2.38,119,0.45,32.33,1700,0.67,0.13,0.025,6.2,27.6,8,0.26,0.77,0.234,1.5,10,2.75,0.06,0.007,0.03,3.2,0.15,1.2,6.6,0.48,0.5,0.1,4,0.17,7,28,1.11,2.5,0.07,0.38,0.001,,,,,,,,,,,,,,,,,,,,,,,,,,,,,,,,,,,,,,,,,,,,,,,,,,,,,,,,,,,,,,,,,,,,,,,,,,,,,,,,,,,,,,,,,,,,,,,,
BIQUINHO,FJG115/117,1062,0.105,1507.7,3.43,30,18.01,1.8,196.7,0.66,31.23,7700,0.79,0.13,0.031,6.2,28.5,10,0.34,1.17,0.3174,1.7,11,2.58,0.08,0.011,0.039,2.1,0.3,0.7,8.7,0.58,0.4,0.1,4.6,0.21,8.3,29,0.32,2.4,0.1,0.51,0.001,,,,,,,,,,,,,,,,,,,,,,,,,,,,,,,,,,,,,,,,,,,,,,,,,,,,,,,,,,,,,,,,,,,,,,,,,,,,,,,,,,,,,,,,,,,,,,,,
BIQUINHO,FJG127/057,62,0.04,1120,0.34,43,10.5,1.4,257,0.89,28.5,1900,1.18,0.04,0.04,8.6,48.6,10,0.3,1.36,0.279,2.1,15,4.84,0.13,0.03,0.035,3.5,1,1.4,12,1,0.8,0.2,5.4,0.4,15.8,35.6,0.46,1.5,0.16,0.289,0.002,,,,,,,,,,,,,,,,,,,,,,,,,,,,,,,,,,,,,,,,,,,,,,,,,,,,,,,,,,,,,,,,,,,,,,,,,,,,,,,,,,,,,,,,,,,,,,,,
BIQUINHO,FJG127/058,4940,0.44,10000,11.4,60,158.5,4.4,220,1.57,21.5,39400,5.53,1.06,0.058,15.4,59.8,30,0.31,1.03,0.246,3.5,21,3.93,0.72,0.02,0.028,6.5,1,9.2,22.8,1.8,1.6,0.4,6.7,0.7,86.4,32.8,0.61,3,1.5,0.277,0.005,,,,,,,,,,,,,,,,,,,,,,,,,,,,,,,,,,,,,,,,,,,,,,,,,,,,,,,,,,,,,,,,,,,,,,,,,,,,,,,,,,,,,,,,,,,,,,,,
BIQUINHO,FJG127/059,1350,0.16,10000,3.47,94,34.9,3.2,397,2.3,27.6,13300,3.26,0.24,0.103,14.7,100.5,40,0.27,1.33,0.294,5.9,35,3.32,0.97,0.01,0.036,7.4,1,3.2,39,2.6,2.6,0.7,7.4,1.1,103,29.3,0.8,3.8,1.71,0.494,0.004,,,,,,,,,,,,,,,,,,,,,,,,,,,,,,,,,,,,,,,,,,,,,,,,,,,,,,,,,,,,,,,,,,,,,,,,,,,,,,,,,,,,,,,,,,,,,,,,
BIQUINHO,FJG127/061,734,0.12,2130,2.09,62,58.4,2.1,290,1.39,29.6,7500,1.14,0.1,0.06,10.8,59.3,20,0.35,1.26,0.306,3.6,23,3.52,0.34,0.03,0.04,7.5,1,0.9,20.8,1.8,1.6,0.4,6.9,0.6,38,30.1,0.85,2.5,0.56,0.339,0.002,,,,,,,,,,,,,,,,,,,,,,,,,,,,,,,,,,,,,,,,,,,,,,,,,,,,,,,,,,,,,,,,,,,,,,,,,,,,,,,,,,,,,,,,,,,,,,,,
BIQUINHO,FJG127/062,52,0.08,120.5,0.21,20,26.1,1.6,151,0.68,33,2700,0.71,0.04,0.028,5.2,23.8,10,0.2,0.69,0.196,1.2,9,4.12,0.08,0.02,0.029,4.5,0.5,0.5,14.1,0.9,0.7,0.2,5.4,0.4,9.5,26.7,0.81,2.5,0.11,0.229,0.001,,,,,,,,,,,,,,,,,,,,,,,,,,,,,,,,,,,,,,,,,,,,,,,,,,,,,,,,,,,,,,,,,,,,,,,,,,,,,,,,,,,,,,,,,,,,,,,,
BIQUINHO,FJG127/063,53,0.08,189.5,0.28,31,58.5,1,151,0.74,29.2,5500,0.61,0.04,0.032,7.1,34.8,10,0.19,0.78,0.193,1.6,11,2.98,0.08,0.02,0.034,3,1,0.4,11.7,0.9,0.8,0.2,4.9,0.3,8.8,17.9,0.88,2.5,0.12,0.23,0.001,,,,,,,,,,,,,,,,,,,,,,,,,,,,,,,,,,,,,,,,,,,,,,,,,,,,,,,,,,,,,,,,,,,,,,,,,,,,,,,,,,,,,,,,,,,,,,,,
BIQUINHO,FJG127/064,47,0.08,174,0.18,60,37.7,1.3,158,1.5,26.1,3900,0.52,0.04,0.065,7.5,42.1,10,0.16,0.88,0.202,3.4,23,3.91,0.13,0.02,0.025,3.8,1,0.4,19.8,1.5,1.5,0.4,4.6,0.6,13.1,24.2,1.47,2.6,0.19,0.414,0.002,,,,,,,,,,,,,,,,,,,,,,,,,,,,,,,,,,,,,,,,,,,,,,,,,,,,,,,,,,,,,,,,,,,,,,,,,,,,,,,,,,,,,,,,,,,,,,,,
BIQUINHO,FJG127/065,34,0.06,511,0.2,74,46.3,1,191,1.6,25.2,5200,0.53,0.04,0.067,10.4,61.5,10,0.16,1.01,0.196,3.8,24,1.89,0.16,0.01,0.025,6.1,1,0.3,19.6,1.6,1.5,0.4,5.4,0.5,14.6,11,1.09,1.8,0.24,0.247,0.001,,,,,,,,,,,,,,,,,,,,,,,,,,,,,,,,,,,,,,,,,,,,,,,,,,,,,,,,,,,,,,,,,,,,,,,,,,,,,,,,,,,,,,,,,,,,,,,,
BIQUINHO,FJG127/068,4160,0.32,10000,9.79,141,143,4.4,282,2.92,20.1,31200,1.82,0.28,0.125,16.1,84.3,40,0.21,1.15,0.178,7.2,44,3.49,1.31,0.01,0.024,11.7,1,2.1,36.5,3.1,2.8,0.7,7.6,1.1,145,21.9,1.06,4.8,2.34,0.297,0.003,,,,,,,,,,,,,,,,,,,,,,,,,,,,,,,,,,,,,,,,,,,,,,,,,,,,,,,,,,,,,,,,,,,,,,,,,,,,,,,,,,,,,,,,,,,,,,,,
BIQUINHO,FJG127/069,2960,0.19,10000,7.78,56,76.9,2.9,317,1.37,24.3,25900,5.14,0.53,0.058,9.9,58.8,20,0.29,1.29,0.282,3.4,21,3.74,0.52,0.02,0.03,7,1,0.3,20.7,1.5,1.8,0.4,6.7,0.6,59.6,30.3,0.56,3.1,0.97,0.319,0.003,,,,,,,,,,,,,,,,,,,,,,,,,,,,,,,,,,,,,,,,,,,,,,,,,,,,,,,,,,,,,,,,,,,,,,,,,,,,,,,,,,,,,,,,,,,,,,,,
BIQUINHO,FJG127/070,164,0.06,2280,0.5,26,47.2,1.5,264,0.94,30.6,6200,1.08,0.11,0.038,8.2,38.1,20,0.21,1.03,0.24,1.6,10,2.5,0.22,0.01,0.032,4.6,1,1.9,21.5,1.3,0.9,0.2,5.7,0.6,22.8,22,0.54,3.3,0.35,0.303,0.002,,,,,,,,,,,,,,,,,,,,,,,,,,,,,,,,,,,,,,,,,,,,,,,,,,,,,,,,,,,,,,,,,,,,,,,,,,,,,,,,,,,,,,,,,,,,,,,,
BIQUINHO,FJG127/071,59,0.05,450,0.21,24,25.1,1.2,196,0.45,31,3400,0.59,0.05,0.023,5.4,27.1,10,0.19,0.95,0.237,1.2,9,2.52,0.07,0.01,0.033,7.9,1,2.2,6.7,0.6,0.7,0.1,4.4,0.2,7,23.1,0.53,3,0.11,0.325,0.001,,,,,,,,,,,,,,,,,,,,,,,,,,,,,,,,,,,,,,,,,,,,,,,,,,,,,,,,,,,,,,,,,,,,,,,,,,,,,,,,,,,,,,,,,,,,,,,,
BIQUINHO,FJG127/072,164,0.08,1695,0.43,26,23.4,1.2,232,0.55,33.4,4300,0.9,0.07,0.028,5.3,33.2,20,0.21,1.21,0.3,1.7,11,2.63,0.15,0.01,0.035,3,1,10.3,7.6,0.7,0.5,0.2,5,0.2,14.2,22.6,0.38,3,0.19,0.331,0.001,,,,,,,,,,,,,,,,,,,,,,,,,,,,,,,,,,,,,,,,,,,,,,,,,,,,,,,,,,,,,,,,,,,,,,,,,,,,,,,,,,,,,,,,,,,,,,,,
BIQUINHO,FJG127/073,176,0.1,1545,0.54,15,67.4,1.3,228,0.51,32.4,8700,0.94,0.1,0.023,4.8,23.8,10,0.24,1.26,0.279,1.1,7,2.73,0.05,0.01,0.033,3.2,1,5,13.2,0.9,0.5,0.2,5.4,0.4,5.5,24.6,0.46,2.4,0.09,0.358,0.001,,,,,,,,,,,,,,,,,,,,,,,,,,,,,,,,,,,,,,,,,,,,,,,,,,,,,,,,,,,,,,,,,,,,,,,,,,,,,,,,,,,,,,,,,,,,,,,,
BIQUINHO,FJG127/074,476,0.11,10000,1.5,43,98.6,1.7,215,1.03,31.4,15200,2.33,0.26,0.044,11.9,62.8,10,0.22,1.38,0.257,2.4,16,2.87,0.14,0.01,0.032,5.7,1,2.5,14.3,1.2,1.2,0.3,5.9,0.4,12.7,22.8,0.49,2.3,0.19,0.343,0.002,,,,,,,,,,,,,,,,,,,,,,,,,,,,,,,,,,,,,,,,,,,,,,,,,,,,,,,,,,,,,,,,,,,,,,,,,,,,,,,,,,,,,,,,,,,,,,,,
BIQUINHO,FJG38/178,12,0.043,127.7,0.03,63,45.88,1.04,58.4,1.07,25.96,1700,0.59,0.73,0.055,12.5,38.7,13,0.12,2.23,0.1868,3.6,15,4.07,0.09,0.014,0.036,4,0.3,0.6,13.7,1.03,1.1,0.4,6.4,0.31,7.2,36,0.86,0.6,0.07,0.05,0.001,,,,,,,,,,,,,,,,,,,,,,,,,,,,,,,,,,,,,,,,,,,,,,,,,,,,,,,,,,,,,,,,,,,,,,,,,,,,,,,,,,,,,,,,,,,,,,,,
BIQUINHO,FJG38/179,19,0.04,21.4,0.03,54,50.48,0.68,64.1,1.18,31.68,1800,0.68,0.35,0.055,12,46.2,24,0.09,1.9,0.1663,3.2,9,1.37,0.16,0.011,0.052,4.2,0.15,0.3,15.1,1.24,1,0.4,5,0.39,12.4,13,1.65,0.8,0.12,0.05,0.001,,,,,,,,,,,,,,,,,,,,,,,,,,,,,,,,,,,,,,,,,,,,,,,,,,,,,,,,,,,,,,,,,,,,,,,,,,,,,,,,,,,,,,,,,,,,,,,,
BIQUINHO,FJG38/181,21,0.059,41.1,0.07,51,68.18,0.84,45.6,0.87,27.44,2200,0.57,0.1,0.044,10.4,35.4,7,0.11,1.4,0.1413,2.8,22,2.85,0.04,0.008,0.058,5,0.3,0.3,10.2,0.96,0.6,1,6.2,0.3,3.5,26,0.87,0.9,0.07,0.06,0.002,,,,,,,,,,,,,,,,,,,,,,,,,,,,,,,,,,,,,,,,,,,,,,,,,,,,,,,,,,,,,,,,,,,,,,,,,,,,,,,,,,,,,,,,,,,,,,,,
BIQUINHO,FJG47/056,284,0.153,1279.8,1.42,54,41.56,1.12,102.5,0.86,31.03,10400,0.77,0.12,0.031,10.2,36.9,18,0.16,2.24,0.2034,2.2,13,2.33,0.15,0.021,0.037,4.7,0.5,0.6,9.5,0.7,0.8,0.2,4.2,0.28,17.3,23,1.19,1,0.17,0.15,0.001,,,,,,,,,,,,,,,,,,,,,,,,,,,,,,,,,,,,,,,,,,,,,,,,,,,,,,,,,,,,,,,,,,,,,,,,,,,,,,,,,,,,,,,,,,,,,,,,
BIQUINHO,FJG47/057,53,0.054,726.6,0.48,46,16.34,0.49,61.4,0.67,38.89,4200,0.75,0.15,0.031,4.2,25.3,9,0.07,1.48,0.1468,1.9,14,1.61,0.11,0.025,0.032,5.6,0.15,0.5,8.5,0.55,0.8,0.2,3.5,0.2,16.8,18,0.98,1.2,0.08,0.09,0.001,,,,,,,,,,,,,,,,,,,,,,,,,,,,,,,,,,,,,,,,,,,,,,,,,,,,,,,,,,,,,,,,,,,,,,,,,,,,,,,,,,,,,,,,,,,,,,,,
BIQUINHO,FJG47/058,80,0.055,848.5,0.75,50,29.39,1.06,71.9,0.83,33.98,6800,1.26,0.17,0.033,5.6,29.2,13,0.11,1.82,0.1805,2.1,14,1.45,0.2,0.058,0.037,3.9,0.15,0.7,7.9,0.83,0.8,0.2,4.3,0.24,32.2,22,1.12,1.2,0.13,0.12,0.001,,,,,,,,,,,,,,,,,,,,,,,,,,,,,,,,,,,,,,,,,,,,,,,,,,,,,,,,,,,,,,,,,,,,,,,,,,,,,,,,,,,,,,,,,,,,,,,,
BIQUINHO,FJG47/059,118,0.043,846.9,1.03,40,35.6,1.6,70.9,0.72,34.77,7500,1.75,0.27,0.03,5.5,25.6,14,0.17,1.88,0.1836,2,12,1.7,0.26,0.092,0.038,4.6,0.3,0.7,6.8,0.85,0.8,0.2,4.3,0.21,43.9,28,1,0.9,0.14,0.1,0.004,,,,,,,,,,,,,,,,,,,,,,,,,,,,,,,,,,,,,,,,,,,,,,,,,,,,,,,,,,,,,,,,,,,,,,,,,,,,,,,,,,,,,,,,,,,,,,,,
BIQUINHO,FJG47/061,243,0.092,1121,1.22,53,47.9,1.82,84,0.85,34.01,9400,1.31,0.19,0.038,5.2,26.2,17,0.11,2.12,0.1827,2.2,16,0.98,0.24,0.074,0.035,3.6,0.15,0.9,8.6,0.95,0.9,0.3,4.2,0.26,37,15,1.24,0.9,0.14,0.11,0.001,,,,,,,,,,,,,,,,,,,,,,,,,,,,,,,,,,,,,,,,,,,,,,,,,,,,,,,,,,,,,,,,,,,,,,,,,,,,,,,,,,,,,,,,,,,,,,,,
BIQUINHO,FJG47/063,29,0.027,80.4,0.17,78,11.61,1.14,80.1,1.57,26.01,10300,2.93,0.2,0.059,7.3,52.8,35,0.1,2.14,0.2034,3.2,25,4.97,0.25,0.06,0.024,6.8,0.15,1.3,11.4,1.35,1.3,0.4,5.5,0.32,36.4,78,1.4,1.1,0.36,0.06,0.001,,,,,,,,,,,,,,,,,,,,,,,,,,,,,,,,,,,,,,,,,,,,,,,,,,,,,,,,,,,,,,,,,,,,,,,,,,,,,,,,,,,,,,,,,,,,,,,,
BIQUINHO,FJG73/088,78,0.045,34.3,0.57,28,30.02,1.19,75.1,0.4,27.44,7900,0.64,0.25,0.017,2.8,15.8,14,0.47,0.44,0.1078,0.6,7,5.27,0.15,0.046,0.032,6.9,0.15,0.4,4.6,0.51,0.5,0.1,4.6,0.16,14.6,40,1,1.7,0.07,0.11,0.001,,,,,,,,,,,,,,,,,,,,,,,,,,,,,,,,,,,,,,,,,,,,,,,,,,,,,,,,,,,,,,,,,,,,,,,,,,,,,,,,,,,,,,,,,,,,,,,,
BIQUINHO,FJG73/092,613,0.143,62.4,1.92,72,82.72,1.53,285,1.49,31.02,13000,0.7,0.62,0.058,4.9,26.7,41,0.38,2.26,0.1866,4.1,24,2.12,0.41,0.026,0.037,4.2,0.15,0.4,15.6,1.5,1.5,0.4,6.4,0.39,37.2,18,0.75,1.8,0.56,0.21,0.001,,,,,,,,,,,,,,,,,,,,,,,,,,,,,,,,,,,,,,,,,,,,,,,,,,,,,,,,,,,,,,,,,,,,,,,,,,,,,,,,,,,,,,,,,,,,,,,,
BIQUINHO,FJG73/093,342,0.062,148.7,1.02,39,51,1.28,196.3,0.73,28.46,10200,0.7,0.2,0.032,4.6,22.7,16,0.25,1.45,0.1293,2.1,15,2.09,0.16,0.018,0.046,3.9,0.7,0.4,7.5,0.65,0.6,0.2,5.6,0.19,15.2,20,1.57,1.7,0.23,0.15,0.001,,,,,,,,,,,,,,,,,,,,,,,,,,,,,,,,,,,,,,,,,,,,,,,,,,,,,,,,,,,,,,,,,,,,,,,,,,,,,,,,,,,,,,,,,,,,,,,,
BIQUINHO,FJG73/095,4024,0.326,309.1,10.19,65,70.6,1.36,191.9,1.19,33.7,16100,0.66,0.2,0.046,6.7,19.5,15,0.26,1.42,0.0786,2.9,23,1.25,0.5,0.023,0.029,4.5,0.3,0.6,12.1,1.24,1.1,0.3,4.6,0.36,58.5,10,1.15,3.5,0.77,0.21,0.004,,,,,,,,,,,,,,,,,,,,,,,,,,,,,,,,,,,,,,,,,,,,,,,,,,,,,,,,,,,,,,,,,,,,,,,,,,,,,,,,,,,,,,,,,,,,,,,,
BIQUINHO,FJG73/102,804,0.132,307.3,2.05,57,61.76,1.23,292.3,1.05,34.43,12700,0.84,0.13,0.045,5.7,34.3,26,0.29,1.18,0.181,2.4,22,1.41,0.26,0.024,0.036,5.3,0.5,2.6,14.4,1.13,1.2,0.4,5.3,0.43,27,14,1.55,2.6,0.33,0.24,0.001,,,,,,,,,,,,,,,,,,,,,,,,,,,,,,,,,,,,,,,,,,,,,,,,,,,,,,,,,,,,,,,,,,,,,,,,,,,,,,,,,,,,,,,,,,,,,,,,
BIQUINHO,FJG73/103,626,0.139,1042.4,2.11,202,54.09,2.6,430.2,3.88,25.54,12000,1.37,0.49,0.163,34.8,137.2,75,0.42,2.3,0.2374,10.5,69,2.31,1.2,0.024,0.03,7.8,0.15,2.6,50.1,4.1,3.6,1,10,1.55,108.8,25,3.29,3,1.66,0.41,0.003,,,,,,,,,,,,,,,,,,,,,,,,,,,,,,,,,,,,,,,,,,,,,,,,,,,,,,,,,,,,,,,,,,,,,,,,,,,,,,,,,,,,,,,,,,,,,,,,
BIQUINHO,FJG73/104,314,0.081,73.7,1.15,39,42.18,1.39,289.9,0.65,38.88,8400,0.78,0.17,0.026,6.1,27.8,17,0.38,1,0.163,1.4,13,2.48,0.14,0.021,0.034,4.8,0.3,0.7,8.8,0.69,0.8,0.2,5.6,0.25,15,21,0.99,2.8,0.15,0.18,0.003,,,,,,,,,,,,,,,,,,,,,,,,,,,,,,,,,,,,,,,,,,,,,,,,,,,,,,,,,,,,,,,,,,,,,,,,,,,,,,,,,,,,,,,,,,,,,,,,
BIQUINHO,FJG73/106,295,0.144,18.1,1.04,96,149.03,2.09,394.1,2.05,30.93,11000,0.7,0.18,0.077,15.9,88.3,48,0.37,1.56,0.2004,5.4,34,1.94,0.32,0.017,0.036,7.5,0.9,1,24.3,1.9,2.2,0.5,7.8,0.7,30.1,12,1.23,2.3,0.41,0.33,0.001,,,,,,,,,,,,,,,,,,,,,,,,,,,,,,,,,,,,,,,,,,,,,,,,,,,,,,,,,,,,,,,,,,,,,,,,,,,,,,,,,,,,,,,,,,,,,,,,
BIQUINHO,FJG75/146,1149,0.135,1051.3,2.11,22,121.3,2.73,255.4,1.12,31.01,11000,0.53,0.08,0.011,4.3,36.2,17,0.23,0.96,0.2118,1.1,13,3.1,0.17,0.009,0.035,2.1,0.4,0.5,3.8,0.39,0.3,0.05,3.7,0.12,15.8,30,1.07,2.6,0.23,0.24,0.001,,,,,,,,,,,,,,,,,,,,,,,,,,,,,,,,,,,,,,,,,,,,,,,,,,,,,,,,,,,,,,,,,,,,,,,,,,,,,,,,,,,,,,,,,,,,,,,,
BIQUINHO,FJG75/147,802,0.219,1228,3.24,40,216,3.03,253,0.93,26.45,17400,0.62,0.19,0.025,7.1,51.8,40,0.31,0.91,0.1838,1.3,15,3.62,0.38,0.011,0.039,4,0.15,0.7,10.1,0.73,0.7,0.2,4.2,0.32,34.5,33,1.06,3.1,0.58,0.32,0.001,,,,,,,,,,,,,,,,,,,,,,,,,,,,,,,,,,,,,,,,,,,,,,,,,,,,,,,,,,,,,,,,,,,,,,,,,,,,,,,,,,,,,,,,,,,,,,,,
BIQUINHO,FJG75/149,677,0.109,480.1,4.09,54,164.16,2.61,292.8,1.24,27.62,12300,0.39,0.36,0.043,22.4,175.4,37,0.95,1.06,0.1904,2.6,16,4.79,0.25,0.064,0.034,7.2,1.9,0.6,25.8,1.71,2.2,0.5,6.5,0.75,17,48,1.9,4.7,0.22,0.37,0.001,,,,,,,,,,,,,,,,,,,,,,,,,,,,,,,,,,,,,,,,,,,,,,,,,,,,,,,,,,,,,,,,,,,,,,,,,,,,,,,,,,,,,,,,,,,,,,,,
BIQUINHO,FJG84/146,2216,0.385,628.6,5.97,31,89.29,2.47,115.2,0.31,39.11,12100,0.28,0.2,0.012,2.3,17.4,9,0.41,0.53,0.1173,0.7,7,2.72,0.07,0.013,0.022,2.9,0.15,1.5,3.6,0.39,0.4,0.05,2.9,0.17,7.4,33,1.21,2,0.1,0.19,0.001,,,,,,,,,,,,,,,,,,,,,,,,,,,,,,,,,,,,,,,,,,,,,,,,,,,,,,,,,,,,,,,,,,,,,,,,,,,,,,,,,,,,,,,,,,,,,,,,
BIQUINHO,FJG86/114,52,0.071,98.4,0.43,38,16.06,1.27,79.4,0.47,34.82,1600,0.55,0.07,0.019,2.9,20.5,7,0.2,0.78,0.0662,1.2,9,1.52,0.06,0.009,0.031,2.6,0.15,0.8,5,0.54,0.5,0.1,3.2,0.14,7.7,16,1.64,2.4,0.07,0.17,0.001,,,,,,,,,,,,,,,,,,,,,,,,,,,,,,,,,,,,,,,,,,,,,,,,,,,,,,,,,,,,,,,,,,,,,,,,,,,,,,,,,,,,,,,,,,,,,,,,
BIQUINHO,FJG90/171,6660,1.091,4701.1,25.28,264,328.17,19.12,502.1,6.99,20.17,40100,3.29,1.74,0.32,104.4,215.4,230,0.52,2.53,0.1296,21.1,117,7.5,3.25,0.066,0.047,31.2,1.3,108.5,201.1,9.42,12.1,3.9,18.4,5,245,70,3.29,12.2,3.32,0.69,0.012,,,,,,,,,,,,,,,,,,,,,,,,,,,,,,,,,,,,,,,,,,,,,,,,,,,,,,,,,,,,,,,,,,,,,,,,,,,,,,,,,,,,,,,,,,,,,,,,
BIQUINHO,FJG90/172,874,0.147,1459.3,6.12,693,58.5,5.73,642.1,8.87,20.34,8800,0.42,0.06,0.476,43.7,372.1,160,0.19,3.69,0.0854,26,165,2.38,2.25,0.059,0.048,37.1,0.15,64.5,150.8,10.57,11.9,3.4,12.8,3.78,163.2,25,2.25,9.2,2.43,0.53,0.005,,,,,,,,,,,,,,,,,,,,,,,,,,,,,,,,,,,,,,,,,,,,,,,,,,,,,,,,,,,,,,,,,,,,,,,,,,,,,,,,,,,,,,,,,,,,,,,,
BIQUINHO,FJG92/032,6432,0.545,218.9,31.68,90,166.55,5.17,121.6,1.59,21.35,56100,1.51,0.73,0.071,8.6,38.1,30,0.45,1.41,0.1311,3.5,26,2.18,0.9,0.013,0.029,6.4,1.2,1.5,17.8,1.84,1.6,0.4,3,0.52,114.8,40,0.87,2.7,1.42,0.21,0.001,,,,,,,,,,,,,,,,,,,,,,,,,,,,,,,,,,,,,,,,,,,,,,,,,,,,,,,,,,,,,,,,,,,,,,,,,,,,,,,,,,,,,,,,,,,,,,,,
BIQUINHO,FJG92/048,3945,0.531,3903.6,11.13,67,23.85,2,185,1.56,23.86,13500,2.84,0.45,0.062,11.9,47.1,28,0.21,1.76,0.1273,4.1,25,2.16,0.62,0.011,0.028,5.7,0.6,0.4,18.5,1.57,1.6,0.4,4.7,0.6,69.1,30,0.4,2,0.85,0.25,0.001,,,,,,,,,,,,,,,,,,,,,,,,,,,,,,,,,,,,,,,,,,,,,,,,,,,,,,,,,,,,,,,,,,,,,,,,,,,,,,,,,,,,,,,,,,,,,,,,
BIQUINHO,FJG92/052,67,0.037,357.4,0.21,31,24.1,1.06,158.7,0.6,30.43,2300,0.55,0.15,0.025,3.7,26.7,5,0.25,1.32,0.0855,1.7,10,1.57,0.05,0.01,0.032,3,0.15,5,8.4,0.6,0.6,0.2,4.5,0.19,6.3,18,0.72,1.7,0.08,0.09,0.001,,,,,,,,,,,,,,,,,,,,,,,,,,,,,,,,,,,,,,,,,,,,,,,,,,,,,,,,,,,,,,,,,,,,,,,,,,,,,,,,,,,,,,,,,,,,,,,,
BIQUINHO,FJG92/053,565,0.058,1779,1.69,70,18.97,2.1,290.2,1.59,27.74,3800,1.27,0.07,0.067,12.5,67.5,17,0.33,2.02,0.2153,3.8,25,2.79,0.21,0.014,0.034,7.8,0.15,5.4,21.1,1.68,1.8,0.6,6.1,0.61,22.9,36,0.83,2,0.3,0.26,0.001,,,,,,,,,,,,,,,,,,,,,,,,,,,,,,,,,,,,,,,,,,,,,,,,,,,,,,,,,,,,,,,,,,,,,,,,,,,,,,,,,,,,,,,,,,,,,,,,
BIQUINHO,FJG92/057,1122,0.232,0.1,6.15,54,107.37,1.85,142.1,0.99,30.43,11100,0.65,0.36,0.039,6.6,32.8,29,0.22,1.64,0.153,3.3,24,1.27,0.18,0.012,0.034,3.9,0.5,0.4,11.3,0.81,0.9,0.3,4.6,0.31,19.2,14,0.62,1.5,0.29,0.13,0.001,,,,,,,,,,,,,,,,,,,,,,,,,,,,,,,,,,,,,,,,,,,,,,,,,,,,,,,,,,,,,,,,,,,,,,,,,,,,,,,,,,,,,,,,,,,,,,,,
BIQUINHO,FJG92/058,2382,0.448,112.7,19.38,48,296.81,3.75,159.5,1.14,28.3,23700,0.87,1.11,0.039,6.7,32.4,37,0.28,1.96,0.1766,2.5,24,1.18,0.28,0.019,0.039,3.1,0.3,0.2,10.8,0.58,0.9,0.3,4.4,0.35,29.9,14,0.43,0.9,0.39,0.14,0.001,,,,,,,,,,,,,,,,,,,,,,,,,,,,,,,,,,,,,,,,,,,,,,,,,,,,,,,,,,,,,,,,,,,,,,,,,,,,,,,,,,,,,,,,,,,,,,,,
BIQUINHO,FJG92/059,1004,0.124,77.3,6.02,41,75.19,2.11,146.5,0.88,27.91,9500,1.48,0.45,0.03,4.6,23.2,14,0.19,1.69,0.1794,2.2,15,3.08,0.16,0.032,0.03,7.3,0.15,0.5,8.7,0.7,0.9,0.3,5.4,0.31,22.2,34,0.34,1,0.19,0.11,0.001,,,,,,,,,,,,,,,,,,,,,,,,,,,,,,,,,,,,,,,,,,,,,,,,,,,,,,,,,,,,,,,,,,,,,,,,,,,,,,,,,,,,,,,,,,,,,,,,
BIQUINHO,FJG92/061,247,0.095,52.6,1.58,190,36.07,1.46,161.5,3.83,21.67,3400,0.78,0.21,0.147,17.9,127.5,62,0.16,2.81,0.1297,9,60,1.55,0.49,0.018,0.029,12.3,0.15,0.2,34.8,3.48,3.8,0.9,5.3,1.04,43,17,0.7,1,0.55,0.07,0.001,,,,,,,,,,,,,,,,,,,,,,,,,,,,,,,,,,,,,,,,,,,,,,,,,,,,,,,,,,,,,,,,,,,,,,,,,,,,,,,,,,,,,,,,,,,,,,,,
BIQUINHO,FJG105/119,551,0.977,1622.2,7.45,69,272.43,4.69,56.4,0.95,22.84,74100,0.89,0.67,0.048,6.8,48.5,31,0.39,1.19,0.1291,2,16,2.33,0.44,0.021,0.028,6.8,1.2,6.3,18,1.06,2.4,0.7,3.4,0.52,39.1,44,2.53,1.7,0.5,0.12,0.003,,,,,,,,,,,,,,,,,,,,,,,,,,,,,,,,,,,,,,,,,,,,,,,,,,,,,,,,,,,,,,,,,,,,,,,,,,,,,,,,,,,,,,,,,,,,,,,,
BIQUINHO,FJG105/133,1116,1.142,6614,10.21,29,303.13,5.94,57.7,0.69,29.59,96200,4.58,2.06,0.031,12.3,65,25,0.54,0.97,0.2171,1.9,12,2.82,0.36,0.007,0.034,4.7,2.9,160.3,17.6,0.98,1.1,0.3,3.6,0.47,27.5,45,0.72,1.9,0.38,0.18,0.003,,,,,,,,,,,,,,,,,,,,,,,,,,,,,,,,,,,,,,,,,,,,,,,,,,,,,,,,,,,,,,,,,,,,,,,,,,,,,,,,,,,,,,,,,,,,,,,,
BIQUINHO,FJG105/134,404,0.989,1402.7,5.98,45,380.17,7,60.5,0.79,30.24,95200.01,1.31,0.74,0.039,9.6,63.8,26,0.55,1.17,0.229,2.6,16,3.64,0.35,0.006,0.042,5.9,0.8,200,11.4,0.91,1.1,0.2,5.5,0.3,24.9,49,0.69,1.5,0.32,0.15,0.008,,,,,,,,,,,,,,,,,,,,,,,,,,,,,,,,,,,,,,,,,,,,,,,,,,,,,,,,,,,,,,,,,,,,,,,,,,,,,,,,,,,,,,,,,,,,,,,,
BIQUINHO,FJG109/091,4173,0.827,1186.3,17.58,76,102.97,3.71,129.5,1.47,22.2,31200,0.74,0.97,0.073,7.8,45.5,30,0.39,1.54,0.1191,3.2,23,3.33,0.69,0.015,0.031,7.8,0.9,1.2,18.9,1.72,1.8,0.5,5.3,0.42,74.2,40,0.56,2.4,0.89,0.14,0.003,,,,,,,,,,,,,,,,,,,,,,,,,,,,,,,,,,,,,,,,,,,,,,,,,,,,,,,,,,,,,,,,,,,,,,,,,,,,,,,,,,,,,,,,,,,,,,,,
BIQUINHO,FJG109/094,341,0.933,10000,7.43,65,242.31,6.73,102.8,1.2,22.67,77400,3.89,1.94,0.068,11.4,46.5,17,0.4,1.57,0.1548,3.4,23,2.93,0.55,0.02,0.028,9,1.5,2.7,18.6,1.13,1.9,0.5,3.5,0.45,58.1,52,1.74,2.4,0.76,0.12,0.001,,,,,,,,,,,,,,,,,,,,,,,,,,,,,,,,,,,,,,,,,,,,,,,,,,,,,,,,,,,,,,,,,,,,,,,,,,,,,,,,,,,,,,,,,,,,,,,,
BIQUINHO,FJG109/095,1083,1.378,4926,12.06,31,450.53,6.46,56.2,0.57,25.2,86000,2.27,1.3,0.029,6.2,48.3,13,0.47,1.31,0.1428,1.9,11,3,0.3,0.004,0.038,4,0.4,2.6,6.6,0.55,0.6,0.2,2.8,0.16,31.5,52,0.99,1.1,0.39,0.1,0.004,,,,,,,,,,,,,,,,,,,,,,,,,,,,,,,,,,,,,,,,,,,,,,,,,,,,,,,,,,,,,,,,,,,,,,,,,,,,,,,,,,,,,,,,,,,,,,,,
BIQUINHO,FJG109/099,174,1.603,7003.3,9.48,112,323.86,10.48,48,2.29,22.62,79300,5.04,3.03,0.108,16.8,52.5,69,0.46,1.33,0.1916,5.8,37,2.93,1.14,0.041,0.029,12,0.6,9.7,31.4,2.36,2.7,0.7,4.5,0.9,55.9,55,1.92,3.3,0.48,0.23,0.001,,,,,,,,,,,,,,,,,,,,,,,,,,,,,,,,,,,,,,,,,,,,,,,,,,,,,,,,,,,,,,,,,,,,,,,,,,,,,,,,,,,,,,,,,,,,,,,,
BIQUINHO,FJG109/101,105,1.458,9030.2,7.86,62,377.71,8.91,47.9,1.45,22.7,84700,5.44,2.84,0.068,13.5,49.1,51,0.37,1.28,0.1998,4.1,23,3.18,0.64,0.031,0.024,8.3,0.15,7.2,20.4,1.51,1.9,0.5,3.4,0.56,31.1,61,1,2.3,0.25,0.17,0.002,,,,,,,,,,,,,,,,,,,,,,,,,,,,,,,,,,,,,,,,,,,,,,,,,,,,,,,,,,,,,,,,,,,,,,,,,,,,,,,,,,,,,,,,,,,,,,,,
BIQUINHO,FJG109/102,156,1.729,8125,7.79,66,467,8.65,55.3,1.5,26.73,99799.99,5.15,2.58,0.07,18.6,58.2,49,0.53,1.25,0.1965,4.1,25,3.11,0.74,0.02,0.025,4.3,0.4,6.6,18.8,1.48,1.4,0.5,3,0.54,37.3,60,0.74,2.3,0.32,0.18,0.002,,,,,,,,,,,,,,,,,,,,,,,,,,,,,,,,,,,,,,,,,,,,,,,,,,,,,,,,,,,,,,,,,,,,,,,,,,,,,,,,,,,,,,,,,,,,,,,,
BIQUINHO,FJG109/104,153,0.926,704.3,4.4,32,524.57,4.67,22.5,0.68,24.9,86100,0.7,0.65,0.033,4.3,49.2,32,0.27,0.74,0.1264,1.9,12,1.98,0.34,0.011,0.03,2.9,0.3,143.6,8.7,0.74,0.7,0.2,2.1,0.23,15.2,40,0.63,1.1,0.13,0.13,0.001,,,,,,,,,,,,,,,,,,,,,,,,,,,,,,,,,,,,,,,,,,,,,,,,,,,,,,,,,,,,,,,,,,,,,,,,,,,,,,,,,,,,,,,,,,,,,,,,
BIQUINHO,FJG112/128,430,1.489,2434.7,11.62,127,326.07,13.18,127.8,2.54,26.73,79000,3.19,1.67,0.125,19.3,63.3,105,0.74,2.25,0.1621,7.5,48,3.48,1.33,0.013,0.024,7.6,0.9,5.5,35.3,2.3,2.4,0.7,4.3,0.86,112.8,69,1.51,4.8,1.52,0.22,0.004,,,,,,,,,,,,,,,,,,,,,,,,,,,,,,,,,,,,,,,,,,,,,,,,,,,,,,,,,,,,,,,,,,,,,,,,,,,,,,,,,,,,,,,,,,,,,,,,
BIQUINHO,FJG112/134,1383,2.242,228.4,10.23,22,690.36,5.59,35.4,0.28,29.83,86500,0.29,0.2,0.012,7.5,64.1,22,0.6,0.97,0.1276,0.7,6,2.64,0.15,0.014,0.028,1.6,1.6,200,4.2,0.47,0.3,0.05,2.6,0.11,11.1,46,0.93,0.6,0.14,0.11,0.001,,,,,,,,,,,,,,,,,,,,,,,,,,,,,,,,,,,,,,,,,,,,,,,,,,,,,,,,,,,,,,,,,,,,,,,,,,,,,,,,,,,,,,,,,,,,,,,,
BIQUINHO,FJG112/135,216,0.98,247.8,4.4,20,596.12,4.51,25.4,0.19,28.36,86400,0.31,0.27,0.007,5.4,55.6,12,0.5,1.12,0.1534,0.8,4,3.05,0.08,0.004,0.037,1.8,1.2,1.9,2.7,0.27,0.2,0.05,2.1,0.07,4.5,54,0.97,0.3,0.06,0.08,0.001,,,,,,,,,,,,,,,,,,,,,,,,,,,,,,,,,,,,,,,,,,,,,,,,,,,,,,,,,,,,,,,,,,,,,,,,,,,,,,,,,,,,,,,,,,,,,,,,
BIQUINHO,FJG112/137,219,1.933,4568.7,8.09,39,365.97,5.81,37.1,0.68,22.68,74600,3.86,3.03,0.027,16.5,50.2,30,0.47,1.28,0.1743,2.2,11,3.2,0.29,0.015,0.035,4.5,0.4,7,9.5,0.7,0.9,0.2,2.7,0.26,15,61,1.03,1,0.16,0.11,0.001,,,,,,,,,,,,,,,,,,,,,,,,,,,,,,,,,,,,,,,,,,,,,,,,,,,,,,,,,,,,,,,,,,,,,,,,,,,,,,,,,,,,,,,,,,,,,,,,
BIQUINHO,FJG112/138,93,2.101,9438.5,10.08,99,357.23,8.1,59.5,2.01,25.14,88900,10.05,5.62,0.092,17.8,58,46,0.59,1.22,0.1549,5.5,32,2.75,0.94,0.034,0.03,9.3,1,8.9,30.9,2.59,2.5,0.6,3.6,0.81,43.7,54,1.6,3.7,0.37,0.21,0.007,,,,,,,,,,,,,,,,,,,,,,,,,,,,,,,,,,,,,,,,,,,,,,,,,,,,,,,,,,,,,,,,,,,,,,,,,,,,,,,,,,,,,,,,,,,,,,,,
BIQUINHO,FJG112/139,296,1.501,331.5,7.15,66,618.88,6.26,51.4,1.24,20.6,62000,0.55,0.14,0.053,6.7,46.7,48,0.48,1.17,0.14,3.9,20,2.92,0.44,0.039,0.024,7.1,0.7,6.3,21.1,1.42,1.8,0.4,3.2,0.58,21.5,53,1.34,1.5,0.21,0.14,0.001,,,,,,,,,,,,,,,,,,,,,,,,,,,,,,,,,,,,,,,,,,,,,,,,,,,,,,,,,,,,,,,,,,,,,,,,,,,,,,,,,,,,,,,,,,,,,,,,
BIQUINHO,FJG112/141,67,1.759,3534.7,9.28,59,568.4,9.38,47,1.36,24.11,85500,3.82,1.93,0.057,11.1,51.2,40,0.47,1.09,0.1475,3.1,21,2.5,0.62,0.018,0.027,4.2,0.6,5.7,20.5,1.5,1.2,0.4,2.8,0.61,32.7,47,1.07,2.7,0.29,0.19,0.001,,,,,,,,,,,,,,,,,,,,,,,,,,,,,,,,,,,,,,,,,,,,,,,,,,,,,,,,,,,,,,,,,,,,,,,,,,,,,,,,,,,,,,,,,,,,,,,,
BIQUINHO,FJG112/142,57,2.034,5357.4,9.73,45,580.62,9.09,48.5,0.94,25.64,92600,5.22,3.15,0.041,13.4,53.7,36,0.52,1.22,0.1672,2.6,17,2.88,0.42,0.01,0.035,3.8,0.8,12.1,13.6,0.98,1.2,0.3,2.5,0.47,23.2,47,0.84,1.7,0.24,0.14,0.001,,,,,,,,,,,,,,,,,,,,,,,,,,,,,,,,,,,,,,,,,,,,,,,,,,,,,,,,,,,,,,,,,,,,,,,,,,,,,,,,,,,,,,,,,,,,,,,,
BIQUINHO,FJG112/143,119,2.098,7653.9,9.81,59,562.59,9.79,54.9,1.2,25.87,90100,5.85,3.58,0.056,14.5,51.2,40,0.49,1.36,0.1879,3.6,22,3.14,0.57,0.015,0.03,3.5,0.9,7.3,19.2,1.39,1.3,0.4,2.9,0.51,31.6,60,0.92,2.1,0.34,0.17,0.009,,,,,,,,,,,,,,,,,,,,,,,,,,,,,,,,,,,,,,,,,,,,,,,,,,,,,,,,,,,,,,,,,,,,,,,,,,,,,,,,,,,,,,,,,,,,,,,,
BIQUINHO,FJG112/144,175,1.474,6880.2,5.96,83,448.72,7.4,66.7,1.99,22.27,80400,6.82,3.17,0.098,16.6,53.3,40,0.58,1.4,0.1759,5.6,33,3.13,0.95,0.026,0.022,10.2,0.7,11.7,35.6,2.32,3.6,0.7,3.7,0.95,48.5,62,0.88,3,0.41,0.22,0.001,,,,,,,,,,,,,,,,,,,,,,,,,,,,,,,,,,,,,,,,,,,,,,,,,,,,,,,,,,,,,,,,,,,,,,,,,,,,,,,,,,,,,,,,,,,,,,,,
BIQUINHO,FJG112/146,339,1.03,10000,6.23,75,486.65,5.42,66.9,1.62,26.45,96600,7.46,3.62,0.076,18.2,57.6,35,0.34,1.13,0.1292,4.1,29,2.26,0.84,0.025,0.023,3.9,1.9,5.2,24,1.5,1.6,0.6,2.6,0.53,49.3,42,0.66,2.3,0.55,0.18,0.001,,,,,,,,,,,,,,,,,,,,,,,,,,,,,,,,,,,,,,,,,,,,,,,,,,,,,,,,,,,,,,,,,,,,,,,,,,,,,,,,,,,,,,,,,,,,,,,,
BIQUINHO,FJG112/147,1387,1.211,2596.8,9.38,41,655.99,5.45,50.2,0.75,26.89,88700,1.22,1.06,0.035,6.7,62.7,28,0.42,1,0.1442,2,14,2.43,0.38,0.01,0.029,4.1,0.9,20.4,10.6,0.89,0.8,0.2,2.5,0.27,32.6,35,0.77,1.3,0.44,0.14,0.001,,,,,,,,,,,,,,,,,,,,,,,,,,,,,,,,,,,,,,,,,,,,,,,,,,,,,,,,,,,,,,,,,,,,,,,,,,,,,,,,,,,,,,,,,,,,,,,,
BIQUINHO,FJG112/148,422,1.223,1215.1,5.99,29,1097.91,5.68,52.8,0.72,29.56,95800,0.6,0.59,0.027,6.7,66.8,37,0.44,1.09,0.1503,2,13,2.51,0.39,0.016,0.031,2.2,1.1,1.4,10.7,0.49,0.5,0.2,3,0.27,30.8,44,0.82,1.1,0.45,0.19,0.001,,,,,,,,,,,,,,,,,,,,,,,,,,,,,,,,,,,,,,,,,,,,,,,,,,,,,,,,,,,,,,,,,,,,,,,,,,,,,,,,,,,,,,,,,,,,,,,,
BIQUINHO,FJG112/149,3273,1.331,3891,10.87,106,361.94,6.34,227,2.31,23.61,60300,1.65,1.07,0.103,14.2,48.1,69,0.4,1.63,0.1696,5.6,40,1.43,1.39,0.071,0.024,7.6,1.2,2.4,32.7,2.55,2.6,0.6,3.5,0.9,132.4,26,2.18,3.2,1.89,0.28,0.001,,,,,,,,,,,,,,,,,,,,,,,,,,,,,,,,,,,,,,,,,,,,,,,,,,,,,,,,,,,,,,,,,,,,,,,,,,,,,,,,,,,,,,,,,,,,,,,,
BIQUINHO,FJG115/104,6623,2.321,660.4,29.33,86,218.13,9.25,75.7,1.83,23.42,83500,2.53,0.91,0.082,14.2,66.7,68,0.76,1.19,0.2288,4.8,30,2.84,0.93,0.073,0.038,7.5,0.3,20.2,26.4,1.84,2.1,0.5,4.2,0.68,56.5,42,0.91,3,0.65,0.22,0.001,,,,,,,,,,,,,,,,,,,,,,,,,,,,,,,,,,,,,,,,,,,,,,,,,,,,,,,,,,,,,,,,,,,,,,,,,,,,,,,,,,,,,,,,,,,,,,,,
BIQUINHO,FJG115/105,3756,1.353,466.7,26.43,34,272.64,8.38,32.9,0.81,23.22,83700,1.55,0.77,0.035,10.6,47.4,30,0.53,1.16,0.2212,2.1,13,3.12,0.36,0.01,0.039,4.6,1,200,10.7,0.87,0.8,0.2,3.1,0.35,23.5,53,0.81,1.5,0.26,0.21,0.001,,,,,,,,,,,,,,,,,,,,,,,,,,,,,,,,,,,,,,,,,,,,,,,,,,,,,,,,,,,,,,,,,,,,,,,,,,,,,,,,,,,,,,,,,,,,,,,,
BIQUINHO,FJG119/136,861,1.368,136.2,11.52,38,837.17,5.54,73.6,0.48,24.28,80200.01,0.98,0.33,0.032,11.7,68.3,17,0.69,1.08,0.1252,1.4,10,2.49,0.24,0.007,0.027,2.2,0.8,0.7,8.4,0.81,0.7,0.2,2.8,0.2,26.6,41,1.15,0.8,0.41,0.11,0.001,,,,,,,,,,,,,,,,,,,,,,,,,,,,,,,,,,,,,,,,,,,,,,,,,,,,,,,,,,,,,,,,,,,,,,,,,,,,,,,,,,,,,,,,,,,,,,,,
BIQUINHO,FJG119/138,417,1.172,282.3,8.08,45,578.77,4.95,63.3,0.73,24.81,83600,1.02,0.73,0.031,8.6,63.1,31,0.65,1.18,0.138,1.7,13,3.02,0.28,0.007,0.032,4.5,0.9,1.3,8.9,0.71,1.2,0.2,3,0.21,18.7,45,0.77,1,0.24,0.13,0.006,,,,,,,,,,,,,,,,,,,,,,,,,,,,,,,,,,,,,,,,,,,,,,,,,,,,,,,,,,,,,,,,,,,,,,,,,,,,,,,,,,,,,,,,,,,,,,,,
BIQUINHO,FJG119/139,356,1.199,370.9,7.34,44,848.19,5.43,61,0.62,22.29,78500,1.22,0.8,0.031,7.9,59.7,29,0.77,1.15,0.1419,1.6,11,2.82,0.26,0.008,0.039,3.2,0.6,2,8.7,0.64,0.8,0.1,2.8,0.22,16.5,45,1.01,0.7,0.22,0.12,0.003,,,,,,,,,,,,,,,,,,,,,,,,,,,,,,,,,,,,,,,,,,,,,,,,,,,,,,,,,,,,,,,,,,,,,,,,,,,,,,,,,,,,,,,,,,,,,,,,
BIQUINHO,FJG119/141,88,1.217,3040.9,7.27,72,713.86,6.23,54.9,1.58,22.21,79000,3.11,2.27,0.068,12.2,53,24,0.53,1.07,0.1639,4,24,4.08,0.66,0.028,0.03,10.3,0.8,5,22.6,1.73,1.5,0.4,5.7,0.58,42.9,41,0.88,1.8,0.56,0.17,0.004,,,,,,,,,,,,,,,,,,,,,,,,,,,,,,,,,,,,,,,,,,,,,,,,,,,,,,,,,,,,,,,,,,,,,,,,,,,,,,,,,,,,,,,,,,,,,,,,
BIQUINHO,FJG119/142,67,0.864,10000,5.51,43,417.1,3.8,25.8,0.89,20.99,89900,14.52,7.89,0.041,12.2,42.2,36,0.2,0.44,0.1154,2.2,15,4.55,0.38,0.014,0.036,10.1,0.8,3.3,12.4,0.84,1.1,0.2,5.2,0.33,20.3,20,0.77,1.4,0.2,0.12,0.004,,,,,,,,,,,,,,,,,,,,,,,,,,,,,,,,,,,,,,,,,,,,,,,,,,,,,,,,,,,,,,,,,,,,,,,,,,,,,,,,,,,,,,,,,,,,,,,,
BIQUINHO,FJG119/144,6023,1.687,5048.3,21.51,33,872.87,5.51,50,0.64,25.37,99700,7.18,3.68,0.03,27.2,84.4,27,0.47,0.89,0.1661,1.7,12,3.45,0.3,0.008,0.03,5,0.7,23.8,8.8,0.66,0.7,0.1,3.3,0.23,19.3,35,0.71,1,0.26,0.13,0.008,,,,,,,,,,,,,,,,,,,,,,,,,,,,,,,,,,,,,,,,,,,,,,,,,,,,,,,,,,,,,,,,,,,,,,,,,,,,,,,,,,,,,,,,,,,,,,,,
BIQUINHO,FJG119/154,1661,1.231,55.5,15.45,45,1210.4,4.22,92.8,0.68,27.87,85100,0.41,0.45,0.038,72.1,450.3,26,0.44,1.29,0.1815,2,11,2.82,0.41,0.004,0.028,1,0.8,0.2,15.5,1.03,1.1,0.3,3,0.4,41.6,46,0.63,1.4,0.69,0.29,0.001,,,,,,,,,,,,,,,,,,,,,,,,,,,,,,,,,,,,,,,,,,,,,,,,,,,,,,,,,,,,,,,,,,,,,,,,,,,,,,,,,,,,,,,,,,,,,,,,
BIQUINHO,FJG119/159,422,1.401,108,16.64,13,1176.68,5.31,56.7,0.05,25.29,82600,0.9,0.69,,40.9,216.6,2,0.56,1.3,0.2145,0.5,2,3.91,0.01,0.003,0.027,3.1,0.7,0.6,1.5,0.09,0.3,0.05,2.9,0.03,1.6,63,0.65,0.2,0.025,0.25,0.004,,,,,,,,,,,,,,,,,,,,,,,,,,,,,,,,,,,,,,,,,,,,,,,,,,,,,,,,,,,,,,,,,,,,,,,,,,,,,,,,,,,,,,,,,,,,,,,,
BIQUINHO,FJG119/161,248,1.393,591.1,15.38,40,1198.84,5.79,57,0.45,24.66,94700,0.35,1.33,0.027,31.7,198.4,20,0.35,0.77,0.1711,1.8,10,5.82,0.17,0.005,0.023,8.5,1.3,1.3,10.4,0.54,0.6,0.2,5.8,0.26,14.8,41,0.76,1.1,0.28,0.27,0.005,,,,,,,,,,,,,,,,,,,,,,,,,,,,,,,,,,,,,,,,,,,,,,,,,,,,,,,,,,,,,,,,,,,,,,,,,,,,,,,,,,,,,,,,,,,,,,,,
BIQUINHO,FJG119/162,104,1.565,9.4,15.21,76,1184.41,7.12,86.3,0.86,27.26,87900,0.07,0.8,0.05,35.9,232.9,28,0.45,1.25,0.182,3,18,3.18,0.42,0.005,0.018,2.8,0.6,0.8,16.4,0.83,1.3,0.3,3.8,0.38,33.5,36,1.08,1.8,0.55,0.28,0.005,,,,,,,,,,,,,,,,,,,,,,,,,,,,,,,,,,,,,,,,,,,,,,,,,,,,,,,,,,,,,,,,,,,,,,,,,,,,,,,,,,,,,,,,,,,,,,,,
BIQUINHO,FJG119/163,142,1.445,20.9,12.35,48,915.12,6.89,74,0.66,24.37,82800,0.17,0.46,0.031,27.7,187.5,36,0.43,1.11,0.1775,1.5,14,3.21,0.29,0.004,0.012,4.1,0.4,0.6,9.6,0.53,0.7,0.2,2.7,0.3,24.4,38,0.98,1.3,0.49,0.3,0.005,,,,,,,,,,,,,,,,,,,,,,,,,,,,,,,,,,,,,,,,,,,,,,,,,,,,,,,,,,,,,,,,,,,,,,,,,,,,,,,,,,,,,,,,,,,,,,,,
BIQUINHO,FJG119/164,89,1.547,1.9,13.65,101,1193.95,8.17,132.7,1.51,27.71,82200,0.06,0.37,0.093,32.5,213.6,15,0.47,1.39,0.1204,3.6,31,1.46,0.86,0.006,0.022,2.1,0.7,0.6,31,1.77,2.3,0.8,2.8,0.94,78.7,25,0.78,2.8,1.42,0.41,0.005,,,,,,,,,,,,,,,,,,,,,,,,,,,,,,,,,,,,,,,,,,,,,,,,,,,,,,,,,,,,,,,,,,,,,,,,,,,,,,,,,,,,,,,,,,,,,,,,
BIQUINHO,FJG119/165,309,1.756,3.3,18.23,25,1258.39,8.72,96.3,0.79,28.65,98400,0.06,1.02,0.019,36.5,223.8,23,0.46,1.28,0.1815,1,12,2.16,0.39,0.003,0.018,1.8,0.5,0.2,9.3,1.19,0.4,0.1,2.2,0.27,35.8,40,1.09,1.4,0.61,0.33,0.001,,,,,,,,,,,,,,,,,,,,,,,,,,,,,,,,,,,,,,,,,,,,,,,,,,,,,,,,,,,,,,,,,,,,,,,,,,,,,,,,,,,,,,,,,,,,,,,,
BIQUINHO,FJG119/166,1114,2.233,1.9,51.57,55,1260.58,9.17,143.8,1.96,31.7,86200,0.18,2.69,0.053,36.5,253.6,30,0.63,1.67,0.1408,2.3,25,1.94,1.05,0.007,0.029,6.3,0.4,0.7,20.6,2.24,2.2,0.4,3.5,0.65,82.6,28,0.66,3.7,1.37,0.53,0.001,,,,,,,,,,,,,,,,,,,,,,,,,,,,,,,,,,,,,,,,,,,,,,,,,,,,,,,,,,,,,,,,,,,,,,,,,,,,,,,,,,,,,,,,,,,,,,,,
BIQUINHO,FJG119/167,307,1.876,0.6,21,51,1288.22,6.73,101,1.08,28.59,78900,0.08,1.18,0.04,32.8,229.5,46,0.58,1.52,0.1983,2.2,17,2.78,0.64,0.005,0.027,2.7,0.5,1,15.9,1.13,0.8,0.2,3.3,0.35,47.3,48,0.82,1.9,0.74,0.39,0.001,,,,,,,,,,,,,,,,,,,,,,,,,,,,,,,,,,,,,,,,,,,,,,,,,,,,,,,,,,,,,,,,,,,,,,,,,,,,,,,,,,,,,,,,,,,,,,,,
BIQUINHO,FJG119/168,379,1.796,0.1,25.21,14,1225.59,6.13,62.1,0.48,28.52,93100.01,0.06,1.71,0.026,34,238.1,29,0.36,1.08,0.1439,1,10,2.21,0.3,0.004,0.02,1.6,0.8,0.3,8.7,0.55,0.4,0.1,2.1,0.27,22.6,39,0.91,1.1,0.36,0.25,0.001,,,,,,,,,,,,,,,,,,,,,,,,,,,,,,,,,,,,,,,,,,,,,,,,,,,,,,,,,,,,,,,,,,,,,,,,,,,,,,,,,,,,,,,,,,,,,,,,
BIQUINHO,FJG119/175,2266,1.52,0.6,63.11,47,1182.53,8.26,112.3,1.64,28.76,77700,0.08,2.46,0.047,33.1,238.8,55,0.31,1.3,0.0772,2.8,20,1.12,0.96,0.019,0.031,3.2,0.9,0.8,21.6,1.47,1.5,0.4,2.6,0.69,65.5,22,0.68,2.4,1.06,0.41,0.001,,,,,,,,,,,,,,,,,,,,,,,,,,,,,,,,,,,,,,,,,,,,,,,,,,,,,,,,,,,,,,,,,,,,,,,,,,,,,,,,,,,,,,,,,,,,,,,,
BIQUINHO,FJG119/176,5019,1.705,4.9,67.52,159,1419.31,9.5,145,1.55,29.32,89399.99,0.2,3.36,0.063,37.3,243.4,16,0.37,1.49,0.1435,3.5,25,2.22,0.61,0.003,0.019,5.4,0.5,0.4,22.4,1.76,1.6,0.4,2.7,0.64,51.5,35,0.67,4.2,0.91,0.49,0.002,,,,,,,,,,,,,,,,,,,,,,,,,,,,,,,,,,,,,,,,,,,,,,,,,,,,,,,,,,,,,,,,,,,,,,,,,,,,,,,,,,,,,,,,,,,,,,,,
BIQUINHO,FJG40/072,137,1.174,539.8,6.5,14,506.57,3.14,16.6,0.09,21.5,72000,1.62,0.8,,16.8,76,4,0.26,1.02,0.1589,0.3,0.5,2.94,0.04,0.001,0.027,1.9,0.15,0.4,1.1,0.14,0.2,0.05,1.8,0.03,2.1,53,2.04,0.6,0.025,0.06,0.001,,,,,,,,,,,,,,,,,,,,,,,,,,,,,,,,,,,,,,,,,,,,,,,,,,,,,,,,,,,,,,,,,,,,,,,,,,,,,,,,,,,,,,,,,,,,,,,,
BIQUINHO,FJG40/075,138,1.767,6389.6,10.76,88,429.04,7.48,73.9,1.74,26.01,91899.99,7.4,4.85,0.071,65.9,103.8,45,0.62,2.17,0.2566,5.3,34,4.67,0.83,0.016,0.014,6.1,1.3,5.1,18.9,1.2,1.4,0.4,3.3,0.39,45.1,89,1.78,2.7,0.47,0.2,0.015,,,,,,,,,,,,,,,,,,,,,,,,,,,,,,,,,,,,,,,,,,,,,,,,,,,,,,,,,,,,,,,,,,,,,,,,,,,,,,,,,,,,,,,,,,,,,,,,
BIQUINHO,FJG40/076,101,1.342,230.9,8.69,41,471.4,6.88,44.6,0.86,22.18,71000,1.05,0.87,0.033,17,62.6,36,0.43,1.81,0.2222,2.5,17,4.21,0.41,0.01,0.018,4,0.15,2.5,9.6,0.58,1,0.2,2.6,0.26,21.3,85,1.51,1.6,0.22,0.18,0.005,,,,,,,,,,,,,,,,,,,,,,,,,,,,,,,,,,,,,,,,,,,,,,,,,,,,,,,,,,,,,,,,,,,,,,,,,,,,,,,,,,,,,,,,,,,,,,,,
BIQUINHO,FJG40/077,216,1.61,198.7,11.62,60,502.16,8.2,41.5,0.92,20.25,65200,0.79,0.98,0.037,14.4,56.3,34,0.38,1.76,0.1959,2.5,19,3.96,0.4,0.015,0.017,3,0.15,2.6,10.8,0.66,0.9,0.3,2.7,0.35,21.3,81,2.53,1.8,0.22,0.14,0.003,,,,,,,,,,,,,,,,,,,,,,,,,,,,,,,,,,,,,,,,,,,,,,,,,,,,,,,,,,,,,,,,,,,,,,,,,,,,,,,,,,,,,,,,,,,,,,,,
BIQUINHO,FJG40/078,711,1.359,188.1,12.32,97,688.98,8.29,96.7,2,26.15,84200,0.79,1.25,0.094,19.8,72,26,0.68,2.08,0.1771,5.7,39,3.61,0.93,0.031,0.026,5.1,0.15,4.2,24.5,1.5,2.4,0.5,3.7,0.61,61.1,73,2.17,3.7,0.71,0.21,0.001,,,,,,,,,,,,,,,,,,,,,,,,,,,,,,,,,,,,,,,,,,,,,,,,,,,,,,,,,,,,,,,,,,,,,,,,,,,,,,,,,,,,,,,,,,,,,,,,
BIQUINHO,FJG40/079,365,1.338,123.6,12.42,64,669.15,8.14,68.4,1.41,24.4,72700,0.32,1.07,0.056,9.9,60.7,43,0.44,2,0.1798,3.4,26,3.58,0.61,0.016,0.022,3.8,0.15,3.4,16.4,0.96,1.5,0.4,3,0.44,40.9,71,1.93,2.7,0.49,0.15,0.001,,,,,,,,,,,,,,,,,,,,,,,,,,,,,,,,,,,,,,,,,,,,,,,,,,,,,,,,,,,,,,,,,,,,,,,,,,,,,,,,,,,,,,,,,,,,,,,,
BIQUINHO,FJG40/081,2148,1.878,76.9,18.67,29,744.96,5.11,20.7,0.35,28.35,85500,0.26,1.47,0.019,8,69.2,14,0.24,0.86,0.1064,1.2,9,2.23,0.17,0.004,0.027,1.7,0.15,1,4.7,0.33,0.4,0.05,1.7,0.14,11.5,39,0.96,1,0.16,0.07,0.006,,,,,,,,,,,,,,,,,,,,,,,,,,,,,,,,,,,,,,,,,,,,,,,,,,,,,,,,,,,,,,,,,,,,,,,,,,,,,,,,,,,,,,,,,,,,,,,,
BIQUINHO,FJG40/082,3149,2.673,398.2,26.17,40,683.1,5.83,32.1,0.49,27.28,93200,0.53,2.23,0.024,15,97.6,13,0.3,1.1,0.1114,1.3,13,2.45,0.22,0.006,0.026,2.2,0.8,1.2,6.2,0.51,0.5,0.2,1.8,0.15,22.9,43,1.09,1,0.31,0.09,0.001,,,,,,,,,,,,,,,,,,,,,,,,,,,,,,,,,,,,,,,,,,,,,,,,,,,,,,,,,,,,,,,,,,,,,,,,,,,,,,,,,,,,,,,,,,,,,,,,
BIQUINHO,FJG40/085,3182,3.329,200.9,25.18,22,969.08,7.74,21.3,0.2,26.93,86700,1.27,0.66,0.01,14.6,65.2,9,0.35,0.89,0.109,0.6,7,2.25,0.06,0.008,0.026,1.4,0.15,0.9,2.7,0.27,0.2,0.05,1.9,0.1,8.5,44,1.68,0.6,0.1,0.2,0.001,,,,,,,,,,,,,,,,,,,,,,,,,,,,,,,,,,,,,,,,,,,,,,,,,,,,,,,,,,,,,,,,,,,,,,,,,,,,,,,,,,,,,,,,,,,,,,,,
BIQUINHO,FJG40/086,3723,4.134,237.8,21.41,22,795.4,6.19,19.9,0.22,29.17,90800,1.11,1.7,0.01,10.4,73.4,3,0.3,0.93,0.1133,0.7,6,2.35,0.07,0.001,0.027,1.5,0.15,0.4,2.6,0.26,0.2,0.05,2,0.06,9.8,44,2.02,0.9,0.14,0.09,0.003,,,,,,,,,,,,,,,,,,,,,,,,,,,,,,,,,,,,,,,,,,,,,,,,,,,,,,,,,,,,,,,,,,,,,,,,,,,,,,,,,,,,,,,,,,,,,,,,
BIQUINHO,FJG40/087,2875,2.482,336.8,19.87,31,1001.34,8.03,37,0.53,27.98,92500,1.47,2.35,0.024,16.9,64.7,7,0.31,1.18,0.1202,1.1,13,2.44,0.13,0.003,0.023,3.4,0.3,3,6.3,0.53,0.5,0.1,2.6,0.19,17.5,44,1.22,0.7,0.31,0.11,0.001,,,,,,,,,,,,,,,,,,,,,,,,,,,,,,,,,,,,,,,,,,,,,,,,,,,,,,,,,,,,,,,,,,,,,,,,,,,,,,,,,,,,,,,,,,,,,,,,
BIQUINHO,FJG40/088,2870,2.326,387.5,17.35,37,775.26,5.85,32,0.5,27.58,87200,0.77,1.84,0.02,11.5,69.9,13,0.25,1.16,0.1199,1,12,2.49,0.22,0.003,0.019,2.1,0.15,1,5.4,0.52,0.4,0.1,2,0.19,24.7,46,1.94,1.4,0.35,0.12,0.001,,,,,,,,,,,,,,,,,,,,,,,,,,,,,,,,,,,,,,,,,,,,,,,,,,,,,,,,,,,,,,,,,,,,,,,,,,,,,,,,,,,,,,,,,,,,,,,,
BIQUINHO,FJG40/089,3332,2.199,195.7,19.57,55,969.94,5.88,46.2,0.54,27.01,83300,0.78,1.42,0.02,13.5,70.2,12,0.37,1.12,0.0986,1.2,12,2.09,0.23,0.002,0.021,1.9,0.15,0.9,5.8,0.63,0.4,0.1,2,0.18,24.9,41,1.76,1.2,0.4,0.15,0.001,,,,,,,,,,,,,,,,,,,,,,,,,,,,,,,,,,,,,,,,,,,,,,,,,,,,,,,,,,,,,,,,,,,,,,,,,,,,,,,,,,,,,,,,,,,,,,,,
BIQUINHO,FJG40/092,3681,2.574,634.2,20.79,30,809.13,5.56,42.7,0.38,29.22,89799.99,0.88,1.99,0.014,13.7,74,7,0.44,0.88,0.0878,0.8,9,1.83,0.17,0.005,0.027,2.1,1.2,0.4,4.2,0.51,0.4,0.05,2.3,0.07,18.8,38,2.3,1.2,0.28,0.13,0.001,,,,,,,,,,,,,,,,,,,,,,,,,,,,,,,,,,,,,,,,,,,,,,,,,,,,,,,,,,,,,,,,,,,,,,,,,,,,,,,,,,,,,,,,,,,,,,,,
BIQUINHO,FJG40/095,1841,1.367,89.5,9.4,27,1066.93,4.36,34.7,0.48,28.94,90200.01,0.38,0.9,0.014,15.8,76.6,20,0.43,0.92,0.1196,0.8,10,2.27,0.21,0.004,0.031,2.1,0.5,1.7,4.1,0.44,0.3,0.05,2,0.14,14.9,37,1.32,1,0.2,0.13,0.001,,,,,,,,,,,,,,,,,,,,,,,,,,,,,,,,,,,,,,,,,,,,,,,,,,,,,,,,,,,,,,,,,,,,,,,,,,,,,,,,,,,,,,,,,,,,,,,,
BIQUINHO,FJG40/096,677,1.315,11.6,11.54,67,681.38,5.5,37.8,0.88,21.85,67200,0.19,1.08,0.061,6.5,58.1,10,0.41,0.97,0.1215,2.2,17,2.19,0.07,0.097,0.027,6.6,0.15,1.7,33.1,1.81,2.3,0.5,4.2,0.88,6.2,61,2.61,1.1,0.025,0.11,0.001,,,,,,,,,,,,,,,,,,,,,,,,,,,,,,,,,,,,,,,,,,,,,,,,,,,,,,,,,,,,,,,,,,,,,,,,,,,,,,,,,,,,,,,,,,,,,,,,
BIQUINHO,FJG40/097,218,2.031,149,15.11,50,868.51,6.66,32.5,0.61,22.14,77200,0.58,1.64,0.032,11.6,63.2,9,0.33,1.05,0.1495,1.9,12,2.58,0.08,0.053,0.027,3.4,0.4,2.6,16.2,0.85,1.1,0.3,2.6,0.38,4.6,60,2.5,1,0.05,0.13,0.013,,,,,,,,,,,,,,,,,,,,,,,,,,,,,,,,,,,,,,,,,,,,,,,,,,,,,,,,,,,,,,,,,,,,,,,,,,,,,,,,,,,,,,,,,,,,,,,,
BIQUINHO,FJG40/098,61,1.138,1090.4,5.98,37,720.64,4.83,26.6,0.59,25.55,86300,2.8,2.23,0.029,14.8,67.6,28,0.33,0.94,0.1421,1.6,12,2.46,0.26,0.014,0.028,2.3,0.15,2.9,11.2,0.8,0.7,0.2,2.3,0.36,11.4,44,2.43,1.2,0.11,0.11,0.003,,,,,,,,,,,,,,,,,,,,,,,,,,,,,,,,,,,,,,,,,,,,,,,,,,,,,,,,,,,,,,,,,,,,,,,,,,,,,,,,,,,,,,,,,,,,,,,,
BIQUINHO,FJG40/099,115,0.888,1217.2,5.63,46,787.3,4.08,22.3,0.67,26.1,87400,3.43,2.49,0.03,21.9,72,30,0.27,0.77,0.1206,1.6,14,2.03,0.31,0.01,0.025,2.8,0.15,15.9,9.2,0.69,0.8,0.2,1.8,0.22,14.2,35,2.1,1.4,0.15,0.14,0.003,,,,,,,,,,,,,,,,,,,,,,,,,,,,,,,,,,,,,,,,,,,,,,,,,,,,,,,,,,,,,,,,,,,,,,,,,,,,,,,,,,,,,,,,,,,,,,,,
BIQUINHO,FJG40/115,236,0.806,2.9,4.28,106,627.04,3.27,121.1,1.92,27.25,78400,0.16,0.24,0.098,48.5,304.8,9,0.51,1.36,0.048,5.8,26,1.72,0.09,0.136,0.011,11.4,1.2,1.5,42,1.73,3.5,1.3,5.5,1.31,6,47,2.38,2,0.08,0.36,0.006,,,,,,,,,,,,,,,,,,,,,,,,,,,,,,,,,,,,,,,,,,,,,,,,,,,,,,,,,,,,,,,,,,,,,,,,,,,,,,,,,,,,,,,,,,,,,,,,
BIQUINHO,FJG40/124,605,1.596,2,35.74,53,1121.24,6.74,67.7,0.98,28.29,87600,0.2,2.48,0.043,13.4,123.6,45,0.43,1.11,0.1429,2.5,7,4.31,0.5,0.009,0.028,9.7,0.9,1.4,14.3,1.08,0.9,0.2,5.4,0.38,40,35,2.21,1.9,0.64,0.35,0.006,,,,,,,,,,,,,,,,,,,,,,,,,,,,,,,,,,,,,,,,,,,,,,,,,,,,,,,,,,,,,,,,,,,,,,,,,,,,,,,,,,,,,,,,,,,,,,,,
BIQUINHO,FJG40/126,1298,1.159,1.4,21.63,72,755.85,5.22,83.3,1.43,21.72,67200,0.17,1.69,0.069,6,76.3,59,0.41,1.47,0.1697,3.9,16,3.52,0.78,0.031,0.028,14.5,0.9,0.8,26.2,1.93,2.6,0.5,7.3,0.69,63.3,28,1.89,2.8,0.94,0.55,0.001,,,,,,,,,,,,,,,,,,,,,,,,,,,,,,,,,,,,,,,,,,,,,,,,,,,,,,,,,,,,,,,,,,,,,,,,,,,,,,,,,,,,,,,,,,,,,,,,
BIQUINHO,FJG40/127,1406,2.22,0.6,29.17,64,749.87,7.33,102.3,2.51,21.53,63200,0.27,2.39,0.102,7.1,82,56,0.35,1.11,0.0734,3.7,16,2.21,0.81,0.275,0.041,9.5,0.8,1.9,73,2.69,5.5,1.4,7.2,1.97,57.7,61,1.91,3.3,0.91,0.45,0.008,,,,,,,,,,,,,,,,,,,,,,,,,,,,,,,,,,,,,,,,,,,,,,,,,,,,,,,,,,,,,,,,,,,,,,,,,,,,,,,,,,,,,,,,,,,,,,,,
BIQUINHO,FJG40/128,516,1.697,1.3,27.63,120,694.53,7.27,135.9,2.53,20.11,59700,0.26,2.59,0.122,9,83.8,32,0.58,1.31,0.1084,6.4,32,3.64,1.38,0.082,0.035,8.8,0.6,3.4,46.4,2.95,2.9,0.8,6.3,1.26,97.1,36,2.29,3.9,1.35,0.64,0.001,,,,,,,,,,,,,,,,,,,,,,,,,,,,,,,,,,,,,,,,,,,,,,,,,,,,,,,,,,,,,,,,,,,,,,,,,,,,,,,,,,,,,,,,,,,,,,,,
BIQUINHO,FJG40/129,452,2.308,0.1,28.15,41,894.47,7.48,65.9,0.52,22.9,76800,0.21,3.43,0.029,20.2,129.6,17,0.43,1.16,0.1421,2.2,5,3.13,0.26,0.004,0.026,4.5,5.2,0.3,9.2,0.83,0.8,0.2,4.1,0.17,24.3,34,1.82,1.1,0.37,0.26,0.004,,,,,,,,,,,,,,,,,,,,,,,,,,,,,,,,,,,,,,,,,,,,,,,,,,,,,,,,,,,,,,,,,,,,,,,,,,,,,,,,,,,,,,,,,,,,,,,,
BIQUINHO,FJG40/131,203,1.633,0.1,20.17,49,698.88,6.37,54.9,0.51,24.61,73500,0.17,1.73,0.042,10.9,126.4,19,0.43,1.09,0.1363,2.3,5,2.72,0.24,0.015,0.022,4,0.15,1,12.9,1.11,1,0.2,2.6,0.23,20.7,39,2.03,1.3,0.35,0.19,0.001,,,,,,,,,,,,,,,,,,,,,,,,,,,,,,,,,,,,,,,,,,,,,,,,,,,,,,,,,,,,,,,,,,,,,,,,,,,,,,,,,,,,,,,,,,,,,,,,
BIQUINHO,FJG40/132,459,3.459,1.5,35.47,24,956.35,11.93,44.7,0.45,31.78,95100,0.25,2.41,0.013,13.8,144.7,16,0.43,1.14,0.1907,0.8,0.5,2.64,0.22,0.001,0.024,2.6,0.4,0.3,5.1,0.4,0.5,0.1,2.2,0.18,18.3,43,2.2,1.3,0.34,0.24,0.001,,,,,,,,,,,,,,,,,,,,,,,,,,,,,,,,,,,,,,,,,,,,,,,,,,,,,,,,,,,,,,,,,,,,,,,,,,,,,,,,,,,,,,,,,,,,,,,,
BIQUINHO,FJG40/133,187,2.308,1.7,21.69,37,857.39,10.03,88.1,1.38,27.06,79900,0.23,1.75,0.053,11,115.7,18,0.51,1.03,0.085,2.3,10,2.19,0.78,0.02,0.029,5.6,0.8,0.9,31.1,1.5,1.4,0.3,3.7,0.88,55.1,22,1.56,2.4,0.88,0.39,0.005,,,,,,,,,,,,,,,,,,,,,,,,,,,,,,,,,,,,,,,,,,,,,,,,,,,,,,,,,,,,,,,,,,,,,,,,,,,,,,,,,,,,,,,,,,,,,,,,
BIQUINHO,FJG40/134,373,2.409,0.5,24.7,18,929.53,7.22,54.5,0.24,29.51,90900,0.17,1,0.009,27,152.4,7,0.54,1.5,0.1838,0.5,0.5,3.66,0.12,0.001,0.021,2.2,0.7,0.3,1.7,0.31,0.4,0.05,3.9,0.03,10.6,45,2.14,0.8,0.16,0.28,0.007,,,,,,,,,,,,,,,,,,,,,,,,,,,,,,,,,,,,,,,,,,,,,,,,,,,,,,,,,,,,,,,,,,,,,,,,,,,,,,,,,,,,,,,,,,,,,,,,
BIQUINHO,FJG40/135,1120,1.428,6.8,22.71,141,630.31,7.33,132,2.34,20,55400,0.24,1.07,0.107,16.6,143.5,38,0.38,1.45,0.1475,5.2,29,3.19,0.87,0.265,0.024,12.5,1,25.3,38.3,2.44,4,1.1,6.1,1.04,48.1,61,1.75,3.4,0.77,0.22,0.01,,,,,,,,,,,,,,,,,,,,,,,,,,,,,,,,,,,,,,,,,,,,,,,,,,,,,,,,,,,,,,,,,,,,,,,,,,,,,,,,,,,,,,,,,,,,,,,,
BIQUINHO,FJG47/044,3634,0.99,9008.3,17.41,71,197.95,5.03,94.7,1.59,20.68,71700,9.98,5.22,0.064,15.1,53.5,51,0.32,1.02,0.1543,3.3,22,3.87,0.72,0.009,0.027,4.7,0.3,1.2,21,1.22,1.6,0.5,3.9,0.59,53.4,32,1.48,2.8,0.76,0.23,0.004,,,,,,,,,,,,,,,,,,,,,,,,,,,,,,,,,,,,,,,,,,,,,,,,,,,,,,,,,,,,,,,,,,,,,,,,,,,,,,,,,,,,,,,,,,,,,,,,
BIQUINHO,FJG47/045,4320,1.007,10000,37.81,67,164.43,4.15,75.6,1.47,20.86,74600,11.41,7.34,0.052,11.9,74.7,51,0.32,1.29,0.1933,3.4,23,3.6,0.71,0.017,0.028,3.7,0.5,2.1,15.8,1.14,1,0.3,3.7,0.46,51.7,38,1.94,2.2,0.67,0.21,0.002,,,,,,,,,,,,,,,,,,,,,,,,,,,,,,,,,,,,,,,,,,,,,,,,,,,,,,,,,,,,,,,,,,,,,,,,,,,,,,,,,,,,,,,,,,,,,,,,
BIQUINHO,FJG47/047,3682,1.372,3281.8,24.16,111,298.3,5.91,111.9,2.05,23.24,71300,5.71,2.91,0.103,12.7,65,64,0.47,1.29,0.2294,5,35,4.39,1.1,0.015,0.022,18.1,0.6,4.5,31.7,2.32,3.7,0.6,5.1,0.95,90,34,1.67,4.3,1.23,0.38,0.003,,,,,,,,,,,,,,,,,,,,,,,,,,,,,,,,,,,,,,,,,,,,,,,,,,,,,,,,,,,,,,,,,,,,,,,,,,,,,,,,,,,,,,,,,,,,,,,,
BIQUINHO,FJG47/049,4383,1.811,7438.2,20.18,53,316.15,6.25,60.2,0.89,26.06,87000,10.32,4.9,0.045,17,65.2,23,0.42,1.24,0.1768,2.5,17,2.7,0.46,0.004,0.027,3.5,0.6,0.4,18.8,0.85,1.1,0.3,2.7,0.55,41.1,40,1.68,2,0.62,0.16,0.002,,,,,,,,,,,,,,,,,,,,,,,,,,,,,,,,,,,,,,,,,,,,,,,,,,,,,,,,,,,,,,,,,,,,,,,,,,,,,,,,,,,,,,,,,,,,,,,,
BIQUINHO,FJG47/051,721,0.852,6636.6,7.72,36,450.76,5.14,38,0.38,26.79,93300,7.68,3.24,0.023,10.2,72.5,7,0.41,1.22,0.1483,1.7,10,2.81,0.17,0.003,0.03,1.8,0.4,0.2,6.1,0.52,0.5,0.1,2,0.17,18.6,43,2.48,0.9,0.3,0.1,0.001,,,,,,,,,,,,,,,,,,,,,,,,,,,,,,,,,,,,,,,,,,,,,,,,,,,,,,,,,,,,,,,,,,,,,,,,,,,,,,,,,,,,,,,,,,,,,,,,
BIQUINHO,FJG47/054,3969,1.998,104.7,15.56,65,465.06,7.25,43.8,0.99,30.53,88800,1.22,1.12,0.052,18.3,76.4,18,0.31,1.87,0.182,3.5,27,4.44,0.26,0.006,0.025,9.6,0.7,0.8,11.1,1.02,0.9,0.3,4.7,0.33,30.4,64,2,0.9,0.45,0.16,0.006,,,,,,,,,,,,,,,,,,,,,,,,,,,,,,,,,,,,,,,,,,,,,,,,,,,,,,,,,,,,,,,,,,,,,,,,,,,,,,,,,,,,,,,,,,,,,,,,
BIQUINHO,FJG75/137,1834,0.865,24.6,3.83,24,91.03,0.92,61.3,0.22,30.56,11100,0.55,0.12,0.01,1.7,14.2,8,0.3,0.17,0.0767,0.7,5,3.71,0.09,0.038,0.029,2.3,0.15,0.3,2.6,0.35,0.3,0.05,3.4,0.07,15.3,39,1.07,2.4,0.025,0.13,0.001,,,,,,,,,,,,,,,,,,,,,,,,,,,,,,,,,,,,,,,,,,,,,,,,,,,,,,,,,,,,,,,,,,,,,,,,,,,,,,,,,,,,,,,,,,,,,,,,
BIQUINHO,FJG84/127,376,1.271,1579.9,8.2,133,280.94,5.85,126.6,1.85,22.43,61400,1.83,2,0.093,15.7,46.6,47,0.38,1.82,0.1362,5,29,2.49,1.18,0.014,0.039,9,0.15,0.9,26.8,2.1,3.2,0.9,3.9,0.82,92.7,46,2.02,3.3,1.33,0.18,0.002,,,,,,,,,,,,,,,,,,,,,,,,,,,,,,,,,,,,,,,,,,,,,,,,,,,,,,,,,,,,,,,,,,,,,,,,,,,,,,,,,,,,,,,,,,,,,,,,
BIQUINHO,FJG84/128,262,1.26,747.1,7.34,80,362.89,5.7,70.9,1.21,23.86,71100,1.69,0.93,0.048,9.3,51.7,39,0.42,1.38,0.1471,3.6,23,2.59,0.73,0.012,0.028,5,1,1.6,15.6,0.99,1.1,0.3,3,0.46,48.9,53,1.82,2.1,0.65,0.24,0.01,,,,,,,,,,,,,,,,,,,,,,,,,,,,,,,,,,,,,,,,,,,,,,,,,,,,,,,,,,,,,,,,,,,,,,,,,,,,,,,,,,,,,,,,,,,,,,,,
BIQUINHO,FJG84/131,951,1.158,1232.9,15.08,119,244.61,6.32,122.6,2.1,23.15,63000,2.3,1.02,0.092,16,46.1,46,0.38,1.8,0.1209,6,37,2.2,1.37,0.033,0.041,5.9,1,7.3,26.3,1.85,1.8,0.6,3.6,0.63,106,40,2.4,3.2,1.42,0.2,0.012,,,,,,,,,,,,,,,,,,,,,,,,,,,,,,,,,,,,,,,,,,,,,,,,,,,,,,,,,,,,,,,,,,,,,,,,,,,,,,,,,,,,,,,,,,,,,,,,
BIQUINHO,FJG84/135,4570,1.639,324.3,24.32,35,550.28,5.21,37.8,0.59,28.41,82700.01,0.75,0.09,0.021,5.7,52.6,18,0.3,0.95,0.1127,1.5,10,2.11,0.28,0.007,0.026,2.4,0.6,77.8,5.8,0.44,0.4,0.05,1.7,0.15,23.5,36,1.06,0.9,0.29,0.07,0.006,,,,,,,,,,,,,,,,,,,,,,,,,,,,,,,,,,,,,,,,,,,,,,,,,,,,,,,,,,,,,,,,,,,,,,,,,,,,,,,,,,,,,,,,,,,,,,,,
BIQUINHO,FJG84/136,343,0.774,2509.9,6.46,73,324.58,4.84,33.4,1.06,28.26,86700,3.98,2.5,0.044,10.2,50.5,48,0.49,1.17,0.1645,3.2,19,2.78,0.54,0.014,0.032,4.1,1.3,6.2,13.7,1.09,1.1,0.3,2.3,0.33,21.5,54,1.25,1.6,0.21,0.13,0.001,,,,,,,,,,,,,,,,,,,,,,,,,,,,,,,,,,,,,,,,,,,,,,,,,,,,,,,,,,,,,,,,,,,,,,,,,,,,,,,,,,,,,,,,,,,,,,,,
BIQUINHO,FJG84/137,325,0.836,1687.3,6.36,70,348.27,4.7,38.5,1.1,27.77,84500,3.35,1.56,0.045,8.4,53.3,50,0.56,1.19,0.1683,3.3,19,2.86,0.57,0.015,0.032,3.9,1.4,7,14,0.98,1,0.3,2.4,0.42,22.8,53,1.43,1.7,0.22,0.13,0.002,,,,,,,,,,,,,,,,,,,,,,,,,,,,,,,,,,,,,,,,,,,,,,,,,,,,,,,,,,,,,,,,,,,,,,,,,,,,,,,,,,,,,,,,,,,,,,,,
BIQUINHO,FJG84/138,161,1.599,10000,7.43,82,270.62,6.77,40.5,1.61,25.79,87000,10.99,5.46,0.065,12,48,44,0.51,1.22,0.1854,4.4,25,2.79,0.81,0.045,0.028,9.2,1.4,8,23,1.88,1.8,0.4,2.8,0.69,33.4,54,1.8,2.4,0.32,0.16,0.003,,,,,,,,,,,,,,,,,,,,,,,,,,,,,,,,,,,,,,,,,,,,,,,,,,,,,,,,,,,,,,,,,,,,,,,,,,,,,,,,,,,,,,,,,,,,,,,,
BIQUINHO,FJG84/139,101,1.955,1535,7.79,59,502.31,7.93,33.1,0.95,24.37,77600,3.08,2.23,0.035,12.1,47.6,45,0.66,1.23,0.2045,2.5,17,3.17,0.44,0.014,0.025,3.9,1.2,30.2,12,0.9,1.1,0.2,2.3,0.41,18.2,64,1.38,1.6,0.17,0.16,0.001,,,,,,,,,,,,,,,,,,,,,,,,,,,,,,,,,,,,,,,,,,,,,,,,,,,,,,,,,,,,,,,,,,,,,,,,,,,,,,,,,,,,,,,,,,,,,,,,
BIQUINHO,FJG84/142,104,1.797,251.8,7.53,77,555.35,7.96,37.3,1.42,29.02,82700.01,1.61,0.15,0.06,12.1,54.9,41,0.48,0.98,0.1338,3.1,21,2.11,0.66,0.028,0.031,8.2,0.5,200,23.5,1.36,1.8,0.4,4.1,0.82,30.6,41,2.49,2.1,0.26,0.2,0.015,,,,,,,,,,,,,,,,,,,,,,,,,,,,,,,,,,,,,,,,,,,,,,,,,,,,,,,,,,,,,,,,,,,,,,,,,,,,,,,,,,,,,,,,,,,,,,,,
BIQUINHO,FJG84/143,131,1.597,158.2,7.36,33,593.73,7,26.7,0.66,32.06,98300,0.95,0.24,0.025,6.5,62.5,27,0.34,0.8,0.1236,1.2,8,2.13,0.3,0.012,0.033,6.2,0.8,200,18.4,0.99,0.9,0.2,3.4,0.58,14.4,38,1.45,1.1,0.14,0.11,0.015,,,,,,,,,,,,,,,,,,,,,,,,,,,,,,,,,,,,,,,,,,,,,,,,,,,,,,,,,,,,,,,,,,,,,,,,,,,,,,,,,,,,,,,,,,,,,,,,
BIQUINHO,FJG84/144,529,1.736,190.2,9.1,63,650.98,6.6,44.9,1.13,30.94,94200,1.7,0.36,0.048,13.5,61,35,0.42,1.09,0.1633,3,21,2.64,0.56,0.015,0.029,4.7,0.8,88.2,15,0.97,1.1,0.4,2.8,0.49,37.4,50,1.43,1.7,0.44,0.16,0.001,,,,,,,,,,,,,,,,,,,,,,,,,,,,,,,,,,,,,,,,,,,,,,,,,,,,,,,,,,,,,,,,,,,,,,,,,,,,,,,,,,,,,,,,,,,,,,,,
BIQUINHO,FJG86/109,4431,1.469,243.8,24.01,83,345.15,5.5,67.7,1.23,24.05,80000,0.62,1.59,0.065,8.5,63.2,53,0.35,1.2,0.0983,2.4,20,1.94,0.75,0.011,0.034,6.4,1,200,17.8,1.45,1.9,0.6,4.1,0.44,58.3,33,1.14,1.9,0.73,0.1,0.003,,,,,,,,,,,,,,,,,,,,,,,,,,,,,,,,,,,,,,,,,,,,,,,,,,,,,,,,,,,,,,,,,,,,,,,,,,,,,,,,,,,,,,,,,,,,,,,,
BIQUINHO,FJG86/112,3591,1.396,130.1,33.57,61,392.92,8.28,73.9,1.09,24.07,81600,1.09,1.07,0.052,13.9,67,33,0.42,1.36,0.1414,3.3,21,2.52,0.61,0.022,0.029,4.1,1.2,5.2,14,1.28,1,0.3,2.9,0.33,46.8,57,1.58,1.9,0.62,0.12,0.001,,,,,,,,,,,,,,,,,,,,,,,,,,,,,,,,,,,,,,,,,,,,,,,,,,,,,,,,,,,,,,,,,,,,,,,,,,,,,,,,,,,,,,,,,,,,,,,,
BIQUINHO,FJG86/115,4455,2.14,151.6,34.13,56,395.37,8.02,91.8,1.04,26.59,74600,0.78,0.59,0.047,7.1,49,17,0.5,1.07,0.0954,2.8,19,2.36,0.59,0.014,0.032,4.3,1.5,0.7,12,1.24,1,0.3,3.6,0.34,71.2,38,0.96,2.4,1,0.15,0.001,,,,,,,,,,,,,,,,,,,,,,,,,,,,,,,,,,,,,,,,,,,,,,,,,,,,,,,,,,,,,,,,,,,,,,,,,,,,,,,,,,,,,,,,,,,,,,,,
BIQUINHO,FJG86/116,816,1.43,1591.4,12.41,66,564.12,9.18,48.5,1.1,27.38,98200,2.12,1.62,0.055,7.7,57.7,45,0.55,1.37,0.1926,3.1,20,3.49,0.55,0.012,0.027,3.1,1.4,63.5,14.5,0.97,1.1,0.3,3.3,0.42,26.1,72,1.26,1.8,0.26,0.17,0.001,,,,,,,,,,,,,,,,,,,,,,,,,,,,,,,,,,,,,,,,,,,,,,,,,,,,,,,,,,,,,,,,,,,,,,,,,,,,,,,,,,,,,,,,,,,,,,,,
BIQUINHO,FJG86/118,679,1.12,991.1,9.65,60,480.13,7.66,42.2,1.16,24.68,90200.01,2.61,1.58,0.053,13,45,49,0.5,1.01,0.2148,3.2,20,5.03,0.55,0.015,0.028,8.8,1.1,12.1,16.3,1.2,1.3,0.3,4.5,0.48,34.6,68,1.12,1.7,0.4,0.2,0.002,,,,,,,,,,,,,,,,,,,,,,,,,,,,,,,,,,,,,,,,,,,,,,,,,,,,,,,,,,,,,,,,,,,,,,,,,,,,,,,,,,,,,,,,,,,,,,,,
BIQUINHO,FJG86/119,1799,1.351,473.5,16.68,30,580.48,6.37,29.7,0.63,27.4,96300,1.74,2.42,0.024,10.3,57.9,29,0.45,0.94,0.1872,1.3,10,2.86,0.32,0.008,0.036,4.2,1.5,200,8.3,0.63,0.5,0.1,3.6,0.26,13.7,53,0.99,1,0.13,0.11,0.006,,,,,,,,,,,,,,,,,,,,,,,,,,,,,,,,,,,,,,,,,,,,,,,,,,,,,,,,,,,,,,,,,,,,,,,,,,,,,,,,,,,,,,,,,,,,,,,,
BIQUINHO,FJG86/124,2053,1.042,198.9,19.9,49,539.3,5.31,58.7,0.88,24.18,78500,0.96,0.69,0.034,15.2,70,34,0.32,1.2,0.1807,1.8,15,3.16,0.35,0.008,0.024,3.7,0.9,3.4,11.7,0.7,1.1,0.3,2.8,0.36,19.5,51,1.31,1.3,0.24,0.16,0.001,,,,,,,,,,,,,,,,,,,,,,,,,,,,,,,,,,,,,,,,,,,,,,,,,,,,,,,,,,,,,,,,,,,,,,,,,,,,,,,,,,,,,,,,,,,,,,,,
BIQUINHO,FJG88/088,532,1.031,54.6,10.08,73,901.82,3.27,60.1,0.84,24.44,73500,0.14,0.56,0.044,15.2,61.2,31,0.29,1.22,0.1204,1.9,16,2.62,0.38,0.008,0.029,3.7,1.6,0.5,11,0.99,0.9,0.3,2.8,0.41,30.2,36,1.62,1.1,0.38,0.1,0.004,,,,,,,,,,,,,,,,,,,,,,,,,,,,,,,,,,,,,,,,,,,,,,,,,,,,,,,,,,,,,,,,,,,,,,,,,,,,,,,,,,,,,,,,,,,,,,,,
BIQUINHO,FJG88/091,489,1.223,5.8,9.2,100,653.84,3.18,95.6,1.34,26.65,75300,0.09,0.77,0.067,11.7,61.6,29,0.43,1.63,0.1332,2.7,25,2.91,0.5,0.028,0.024,6.5,2,0.9,18.9,1.04,1.8,0.6,3.8,0.56,38.9,32,1.3,1.9,0.52,0.18,0.001,,,,,,,,,,,,,,,,,,,,,,,,,,,,,,,,,,,,,,,,,,,,,,,,,,,,,,,,,,,,,,,,,,,,,,,,,,,,,,,,,,,,,,,,,,,,,,,,
BIQUINHO,FJG88/092,602,1.184,8.5,13.06,85,433.28,6.01,50,0.89,21.9,75400,0.18,0.51,0.052,7.7,62.4,32,0.38,1.65,0.1862,2.5,16,4.12,0.33,0.083,0.034,7.3,1.5,0.9,18.5,1.38,2.5,0.8,3.8,0.65,19.2,58,1.44,0.8,0.25,0.15,0.003,,,,,,,,,,,,,,,,,,,,,,,,,,,,,,,,,,,,,,,,,,,,,,,,,,,,,,,,,,,,,,,,,,,,,,,,,,,,,,,,,,,,,,,,,,,,,,,,
BIQUINHO,FJG88/093,949,1.487,15.3,14.14,68,707.64,3.78,56.7,0.94,31.18,85000,0.08,0.28,0.051,11.3,71.6,16,0.4,1.18,0.1097,2.8,18,2.23,0.26,0.044,0.021,4.2,1.4,0.5,15.3,1.16,1.2,0.3,2.5,0.41,20.7,40,1.6,1.2,0.32,0.13,0.001,,,,,,,,,,,,,,,,,,,,,,,,,,,,,,,,,,,,,,,,,,,,,,,,,,,,,,,,,,,,,,,,,,,,,,,,,,,,,,,,,,,,,,,,,,,,,,,,
BIQUINHO,FJG88/094,605,1.068,2.4,9.93,39,823.51,2.99,19.8,0.26,26.3,80400,0.14,0.15,0.014,8.8,59.1,5,0.2,0.57,0.1074,1,5,3.77,0.05,0.012,0.035,4.3,1.1,0.3,5.6,0.46,0.5,0.1,2.3,0.15,3.1,32,1.23,0.5,0.06,0.07,0.007,,,,,,,,,,,,,,,,,,,,,,,,,,,,,,,,,,,,,,,,,,,,,,,,,,,,,,,,,,,,,,,,,,,,,,,,,,,,,,,,,,,,,,,,,,,,,,,,
BIQUINHO,FJG88/096,711,1.301,5.1,12.93,81,775.25,4.38,48.4,1.03,21.47,65000,0.15,0.56,0.05,20.8,69,5,0.3,1.2,0.1264,3.1,12,2.8,0.04,0.073,0.033,7.9,1.8,2.1,32,0.83,2.2,0.4,4.1,0.81,3.7,46,2.11,1,0.09,0.1,0.004,,,,,,,,,,,,,,,,,,,,,,,,,,,,,,,,,,,,,,,,,,,,,,,,,,,,,,,,,,,,,,,,,,,,,,,,,,,,,,,,,,,,,,,,,,,,,,,,
BIQUINHO,FJG88/097,550,1.117,15.8,9.04,94,807.79,4.98,56.6,1.29,26.82,73100,0.17,0.7,0.058,12.4,55.8,12,0.28,1.32,0.1493,3.5,17,3.02,0.09,0.047,0.024,7.6,1.7,8.4,30.4,1.2,1.9,0.4,4.2,0.98,4.4,48,1.64,1.2,0.06,0.13,0.001,,,,,,,,,,,,,,,,,,,,,,,,,,,,,,,,,,,,,,,,,,,,,,,,,,,,,,,,,,,,,,,,,,,,,,,,,,,,,,,,,,,,,,,,,,,,,,,,
BIQUINHO,FJG88/098,292,0.95,418.5,6.77,98,864.51,4.45,58,1.59,26.67,75000,0.3,0.59,0.049,15.7,59.5,45,0.33,1.52,0.1994,4.5,28,3.56,0.4,0.018,0.028,3.8,2.2,4.5,20.6,1.25,2.1,0.6,3.8,0.58,13.6,46,1.28,1.5,0.09,0.14,0.001,,,,,,,,,,,,,,,,,,,,,,,,,,,,,,,,,,,,,,,,,,,,,,,,,,,,,,,,,,,,,,,,,,,,,,,,,,,,,,,,,,,,,,,,,,,,,,,,
BIQUINHO,FJG88/099,210,0.818,59.5,8.67,88,576.13,6.15,55.7,1.73,20.1,73800,0.61,0.55,0.054,14.7,42.4,34,0.22,0.86,0.1274,4,24,4.68,0.37,0.022,0.022,10.2,0.4,4.5,24.5,1.26,2.2,0.5,4.1,0.6,13.5,36,1.75,1.7,0.29,0.23,0.001,,,,,,,,,,,,,,,,,,,,,,,,,,,,,,,,,,,,,,,,,,,,,,,,,,,,,,,,,,,,,,,,,,,,,,,,,,,,,,,,,,,,,,,,,,,,,,,,
BIQUINHO,FJG88/101,267,0.929,16.6,10.29,153,786.22,6.85,85.4,2.85,26.33,66700,0.32,0.37,0.105,15.4,51.9,45,0.22,1.7,0.154,6.8,39,3.35,0.48,0.04,0.023,13.6,1.7,11.1,39.9,2.29,3.1,0.8,5.2,1,17.9,41,1.55,2.5,0.21,0.23,0.001,,,,,,,,,,,,,,,,,,,,,,,,,,,,,,,,,,,,,,,,,,,,,,,,,,,,,,,,,,,,,,,,,,,,,,,,,,,,,,,,,,,,,,,,,,,,,,,,
BIQUINHO,FJG88/102,251,1.01,165.8,7.02,58,698.82,4.38,57.1,0.88,25.03,69800,0.56,0.43,0.039,14.8,53.6,20,0.46,1.61,0.2241,2.7,17,3.8,0.2,0.02,0.025,4.5,1.7,2.1,12.5,0.78,0.9,0.2,2.9,0.41,10.8,50,1.16,1.1,0.16,0.12,0.001,,,,,,,,,,,,,,,,,,,,,,,,,,,,,,,,,,,,,,,,,,,,,,,,,,,,,,,,,,,,,,,,,,,,,,,,,,,,,,,,,,,,,,,,,,,,,,,,
BIQUINHO,FJG88/103,306,0.951,383.5,8.41,50,897.97,3.84,52,0.66,23.36,68500,1.96,0.68,0.036,18.1,55.5,19,0.5,1.02,0.1492,1.9,12,2.54,0.2,0.022,0.03,3.4,1.7,20.1,11.4,0.63,0.9,0.2,2.6,0.31,9.8,37,1.25,0.8,0.12,0.14,0.001,,,,,,,,,,,,,,,,,,,,,,,,,,,,,,,,,,,,,,,,,,,,,,,,,,,,,,,,,,,,,,,,,,,,,,,,,,,,,,,,,,,,,,,,,,,,,,,,
BIQUINHO,FJG88/104,320,1.026,3753,8.04,27,951.31,3.99,38.2,0.45,28.65,98300,3.69,2.34,0.013,27.8,70,18,0.41,0.68,0.1129,0.7,8,1.91,0.15,0.008,0.028,3.4,0.4,2.6,8.2,0.33,0.4,0.2,2.2,0.24,6.3,28,1.24,0.9,0.1,0.1,0.001,,,,,,,,,,,,,,,,,,,,,,,,,,,,,,,,,,,,,,,,,,,,,,,,,,,,,,,,,,,,,,,,,,,,,,,,,,,,,,,,,,,,,,,,,,,,,,,,
BIQUINHO,FJG88/105,3890,1.98,345.4,29.7,26,1195.42,5.71,37.7,0.31,27.13,86700,0.67,1,0.013,16.6,69.8,17,0.51,0.8,0.1537,0.8,7,2.53,0.16,0.007,0.027,1.9,0.6,1.1,4.2,0.26,0.3,0.05,2.2,0.1,6.9,41,0.87,0.7,0.08,0.2,0.001,,,,,,,,,,,,,,,,,,,,,,,,,,,,,,,,,,,,,,,,,,,,,,,,,,,,,,,,,,,,,,,,,,,,,,,,,,,,,,,,,,,,,,,,,,,,,,,,
BIQUINHO,FJG88/106,2382,1.876,174.2,23.44,38,1094.68,4.72,37.4,0.22,25.58,80100,0.2,1.68,0.013,12.7,69.1,8,0.5,0.79,0.134,0.6,5,2.34,0.07,0.005,0.039,3.3,0.6,16.8,5.6,0.3,0.4,0.05,2.4,0.14,4.6,37,1.63,0.8,0.08,0.16,0.001,,,,,,,,,,,,,,,,,,,,,,,,,,,,,,,,,,,,,,,,,,,,,,,,,,,,,,,,,,,,,,,,,,,,,,,,,,,,,,,,,,,,,,,,,,,,,,,,
BIQUINHO,FJG88/117,5477,1.345,1.9,41.43,56,1539.87,4.94,54.6,0.8,28.62,94600,0.12,1.62,0.043,17.3,92.9,24,0.42,1.02,0.1464,2.3,15,2.58,0.22,0.037,0.03,6.1,0.5,0.9,15.9,0.97,1.3,0.3,3.3,0.35,16.3,45,1.35,1.1,0.21,0.19,0.004,,,,,,,,,,,,,,,,,,,,,,,,,,,,,,,,,,,,,,,,,,,,,,,,,,,,,,,,,,,,,,,,,,,,,,,,,,,,,,,,,,,,,,,,,,,,,,,,
BIQUINHO,FJG88/119,3429,1.161,1075.1,24.92,111,1186.98,7.71,99.9,1.76,24.72,77100,1.18,1.5,0.082,26.5,95.7,40,0.39,1.23,0.1192,3.4,32,2.54,0.34,0.102,0.033,8.8,0.3,0.9,29.7,1.74,2.6,0.7,4.9,0.78,19.8,61,1.48,2.2,0.28,0.2,0.001,,,,,,,,,,,,,,,,,,,,,,,,,,,,,,,,,,,,,,,,,,,,,,,,,,,,,,,,,,,,,,,,,,,,,,,,,,,,,,,,,,,,,,,,,,,,,,,,
BIQUINHO,FJG90/161,928,1.289,2674.4,10.27,31,639.4,5.36,81.1,0.63,20.1,51000,0.53,1.39,0.026,36.1,130.5,20,0.45,1.36,0.253,1.9,12,7.23,0.33,0.01,0.026,7.3,1.7,147.6,8.2,0.96,0.4,0.1,5.9,0.22,32,51,0.55,1.2,0.48,0.29,0.001,,,,,,,,,,,,,,,,,,,,,,,,,,,,,,,,,,,,,,,,,,,,,,,,,,,,,,,,,,,,,,,,,,,,,,,,,,,,,,,,,,,,,,,,,,,,,,,,
BIQUINHO,FJG92/036,4075,1.245,995.2,29.09,48,153.65,4.87,77.7,1.15,20.02,57600,3.14,1.75,0.045,8.4,29.2,30,0.5,1.37,0.2159,3.1,19,3.42,0.58,0.028,0.023,4.2,1,1.3,16.8,1.3,1.2,0.3,3,0.41,57.1,59,0.61,2,0.87,0.18,0.001,,,,,,,,,,,,,,,,,,,,,,,,,,,,,,,,,,,,,,,,,,,,,,,,,,,,,,,,,,,,,,,,,,,,,,,,,,,,,,,,,,,,,,,,,,,,,,,,
BIQUINHO,FJG92/037,3337,0.916,174.7,23.71,35,179.89,4.75,57.3,0.83,21.1,63000,0.85,0.36,0.035,5.1,63.8,30,0.54,1.16,0.2362,2.7,13,3.67,0.44,0.056,0.029,4.8,0.8,0.6,15.5,0.81,1.3,0.3,3.3,0.52,45.3,59,0.6,1.1,0.63,0.16,0.001,,,,,,,,,,,,,,,,,,,,,,,,,,,,,,,,,,,,,,,,,,,,,,,,,,,,,,,,,,,,,,,,,,,,,,,,,,,,,,,,,,,,,,,,,,,,,,,,
BIQUINHO,FJG92/038,1648,0.589,199.1,13.34,28,199.81,4.18,45.8,0.41,23.77,71800,1.5,0.25,0.029,10.7,48.4,17,0.53,1.45,0.3086,2.4,7,4.82,0.27,0.006,0.036,2.4,0.8,1.2,7.5,0.7,0.5,0.05,3.2,0.28,27.6,77,0.51,0.7,0.38,0.12,0.001,,,,,,,,,,,,,,,,,,,,,,,,,,,,,,,,,,,,,,,,,,,,,,,,,,,,,,,,,,,,,,,,,,,,,,,,,,,,,,,,,,,,,,,,,,,,,,,,
BIQUINHO,FJG92/041,4410,1.306,10000,24.11,43,137.33,4.16,54.2,0.59,23.79,83100.01,9.98,3.04,0.027,12.4,37.4,17,0.49,1.26,0.2623,2.4,10,3.81,0.35,0.01,0.035,5.3,1.2,0.6,17.4,0.76,1.2,0.2,3.3,0.52,29.9,65,1.24,0.9,0.55,0.16,0.001,,,,,,,,,,,,,,,,,,,,,,,,,,,,,,,,,,,,,,,,,,,,,,,,,,,,,,,,,,,,,,,,,,,,,,,,,,,,,,,,,,,,,,,,,,,,,,,,
BIQUINHO,FJG92/042,1981,0.744,7992.5,13.25,32,185.86,4.03,54.8,0.65,25.2,87200,8.81,3.23,0.03,6.9,43.7,23,0.51,1.16,0.2369,1.6,11,3.39,0.41,0.006,0.027,3,0.7,1.2,11.7,0.75,0.7,0.2,2.4,0.37,44.4,59,1.18,1.3,0.62,0.15,0.001,,,,,,,,,,,,,,,,,,,,,,,,,,,,,,,,,,,,,,,,,,,,,,,,,,,,,,,,,,,,,,,,,,,,,,,,,,,,,,,,,,,,,,,,,,,,,,,,
BIQUINHO,FJG92/043,5867,1.72,10000,33.47,29,119.47,3.98,42.6,0.51,24.08,93000,17.23,8.32,0.024,8.5,34.6,19,0.41,0.85,0.1845,1.2,9,2.57,0.34,0.003,0.021,2.8,0.7,0.4,6.8,0.47,0.8,0.1,2.1,0.21,39,42,0.89,0.9,0.53,0.13,0.001,,,,,,,,,,,,,,,,,,,,,,,,,,,,,,,,,,,,,,,,,,,,,,,,,,,,,,,,,,,,,,,,,,,,,,,,,,,,,,,,,,,,,,,,,,,,,,,,
BIQUINHO,FJG102/092,9119,0.887,3486.8,25.13,86,135.8,6.18,233.4,2.41,21.77,34200,2.72,0.71,0.109,16.2,92.4,53,0.38,1.36,0.1894,5.7,35,3.72,0.85,0.06,0.027,8.7,0.15,1.5,49.3,3.04,2.6,0.9,8.3,1.36,106.6,29,0.94,3.7,1.55,0.23,0.003,,,,,,,,,,,,,,,,,,,,,,,,,,,,,,,,,,,,,,,,,,,,,,,,,,,,,,,,,,,,,,,,,,,,,,,,,,,,,,,,,,,,,,,,,,,,,,,,
BIQUINHO,FJG102/093,9943,1.114,5999.1,31.08,46,175.01,10.91,136.7,2.31,21.3,48700,4.8,1.35,0.08,12.2,69,49,0.15,1.31,0.1216,4.1,26,1.82,0.88,0.054,0.033,6.4,0.5,1.3,35.6,2.65,2.1,0.6,4.5,1,104.4,19,0.64,3.9,1.62,0.21,0.003,,,,,,,,,,,,,,,,,,,,,,,,,,,,,,,,,,,,,,,,,,,,,,,,,,,,,,,,,,,,,,,,,,,,,,,,,,,,,,,,,,,,,,,,,,,,,,,,
BIQUINHO,FJG105/124,32100,7,925.9,113.36,20,298.36,4.77,28.6,0.2,24.25,80800,0.78,4.56,0.016,7.1,61,7,0.42,1.17,0.2092,1.1,5,3.62,0.1,0.003,0.04,2.7,1.3,0.2,4,0.35,0.5,0.05,2.6,0.1,10.1,59,0.62,0.3,0.12,0.08,0.001,,,,,,,,,,,,,,,,,,,,,,,,,,,,,,,,,,,,,,,,,,,,,,,,,,,,,,,,,,,,,,,,,,,,,,,,,,,,,,,,,,,,,,,,,,,,,,,,
BIQUINHO,FJG105/125,17500,2.966,697.9,61.68,59,259.82,7.3,61.2,0.9,25.22,72900,1.12,1.39,0.061,7.9,50,28,0.46,1.35,0.2078,2.6,19,3.33,0.5,0.004,0.035,5.2,0.6,0.5,18.6,1.25,1.6,0.4,4,0.47,62.8,58,0.53,1.7,0.85,0.15,0.001,,,,,,,,,,,,,,,,,,,,,,,,,,,,,,,,,,,,,,,,,,,,,,,,,,,,,,,,,,,,,,,,,,,,,,,,,,,,,,,,,,,,,,,,,,,,,,,,
BIQUINHO,FJG105/127,17000,3.286,1170.8,56.47,42,323.13,5.29,49.1,0.59,28.55,83900,0.76,1.62,0.043,9.4,58.6,24,0.53,1.35,0.2536,2.1,14,4.01,0.35,0.005,0.04,3.9,0.15,0.2,11.8,0.98,0.9,0.3,3.3,0.32,35.1,72,0.56,1.1,0.43,0.14,0.003,,,,,,,,,,,,,,,,,,,,,,,,,,,,,,,,,,,,,,,,,,,,,,,,,,,,,,,,,,,,,,,,,,,,,,,,,,,,,,,,,,,,,,,,,,,,,,,,
BIQUINHO,FJG105/128,21500,3.285,109.9,58.75,21,330.36,4.58,49.2,0.45,26.95,81200,0.26,1.31,0.022,4,65.8,10,0.5,1,0.1643,1.2,9,2.74,0.29,0.003,0.033,1.9,0.8,0.2,6.9,0.73,0.7,0.2,2.8,0.21,34.5,56,0.39,1.1,0.47,0.15,0.004,,,,,,,,,,,,,,,,,,,,,,,,,,,,,,,,,,,,,,,,,,,,,,,,,,,,,,,,,,,,,,,,,,,,,,,,,,,,,,,,,,,,,,,,,,,,,,,,
BIQUINHO,FJG105/129,15300,2.038,410.4,42.23,49,274.14,6.38,61.6,0.88,28,81899.99,0.81,0.37,0.046,8.4,70.5,29,0.44,0.89,0.1572,2.1,16,2.16,0.54,0.004,0.034,3.3,0.7,0.5,13.8,1.21,1.1,0.4,3.1,0.38,57.2,39,0.53,1.9,0.81,0.17,0.001,,,,,,,,,,,,,,,,,,,,,,,,,,,,,,,,,,,,,,,,,,,,,,,,,,,,,,,,,,,,,,,,,,,,,,,,,,,,,,,,,,,,,,,,,,,,,,,,
BIQUINHO,FJG105/132,9518,1.919,4118.4,35.29,62,295.23,5.6,71.4,1.3,26.19,79200,2.38,1.84,0.059,16.5,67,55,0.46,1.06,0.1947,4,24,2.97,0.63,0.023,0.026,6.1,0.9,2.1,18.4,1.29,1.5,0.5,3.3,0.52,40.6,42,0.64,2,0.44,0.19,0.001,,,,,,,,,,,,,,,,,,,,,,,,,,,,,,,,,,,,,,,,,,,,,,,,,,,,,,,,,,,,,,,,,,,,,,,,,,,,,,,,,,,,,,,,,,,,,,,,
BIQUINHO,FJG109/096,14200,4.314,516.8,49.66,19,527.6,6.8,42.3,0.38,25.9,84500,0.6,0.86,0.017,3.5,47.3,10,0.55,0.99,0.109,1,6,2.5,0.17,0.014,0.027,2.4,0.6,0.9,4.2,0.43,0.3,0.05,2.5,0.1,23.4,46,0.55,0.8,0.27,0.13,0.001,,,,,,,,,,,,,,,,,,,,,,,,,,,,,,,,,,,,,,,,,,,,,,,,,,,,,,,,,,,,,,,,,,,,,,,,,,,,,,,,,,,,,,,,,,,,,,,,
BIQUINHO,FJG109/098,5742,2.176,1433,23.01,18,619.8,5.45,24.6,0.4,28.51,92000,0.79,0.85,0.016,3.7,57.7,12,0.45,0.93,0.1264,1.2,8,2.51,0.19,0.007,0.034,2.9,0.6,4.1,6,0.4,0.4,0.05,2.2,0.18,11,42,0.51,0.6,0.13,0.07,0.001,,,,,,,,,,,,,,,,,,,,,,,,,,,,,,,,,,,,,,,,,,,,,,,,,,,,,,,,,,,,,,,,,,,,,,,,,,,,,,,,,,,,,,,,,,,,,,,,
BIQUINHO,FJG109/106,15900,6.402,1859.9,48.43,33,617.92,7.15,53.6,0.73,27.48,94100,1.07,1.08,0.032,7.2,68.3,17,0.47,0.88,0.1614,1.7,13,2.65,0.39,0.011,0.026,3.3,0.4,65.7,9.6,0.77,0.7,0.1,2.9,0.29,29.2,42,0.62,1.1,0.4,0.19,0.002,,,,,,,,,,,,,,,,,,,,,,,,,,,,,,,,,,,,,,,,,,,,,,,,,,,,,,,,,,,,,,,,,,,,,,,,,,,,,,,,,,,,,,,,,,,,,,,,
BIQUINHO,FJG109/107,13800,2.392,1852.4,39.46,56,615.04,5.78,116.9,1.17,29.72,70800,1.04,1.27,0.059,12.8,59.2,20,0.42,0.87,0.118,2.7,20,2.12,0.68,0.008,0.026,6.1,0.4,1.3,16.8,1.33,1.3,0.4,3.4,0.51,57.6,33,1.13,2.2,0.89,0.22,0.001,,,,,,,,,,,,,,,,,,,,,,,,,,,,,,,,,,,,,,,,,,,,,,,,,,,,,,,,,,,,,,,,,,,,,,,,,,,,,,,,,,,,,,,,,,,,,,,,
BIQUINHO,FJG109/108,9201,1.893,1512.4,40.64,52,680.6,7.27,83.7,1.05,26.92,94900,1.05,1.56,0.055,13,83.2,29,0.48,1.16,0.1536,2.8,19,2.53,0.54,0.006,0.025,5.4,0.15,9.9,15.5,0.93,1.1,0.3,3.1,0.43,40.7,43,0.54,1.7,0.57,0.18,0.001,,,,,,,,,,,,,,,,,,,,,,,,,,,,,,,,,,,,,,,,,,,,,,,,,,,,,,,,,,,,,,,,,,,,,,,,,,,,,,,,,,,,,,,,,,,,,,,,
BIQUINHO,FJG112/129,8239,2.663,1232,30.08,21,484.07,8.58,46.1,0.37,25.51,84100,1.43,1.05,0.016,7.5,70.2,14,0.54,1.11,0.1309,1.3,7,2.86,0.23,0.005,0.037,3,0.7,200,4.7,0.56,0.4,0.05,3.6,0.13,25.2,52,0.85,0.8,0.37,0.11,0.004,,,,,,,,,,,,,,,,,,,,,,,,,,,,,,,,,,,,,,,,,,,,,,,,,,,,,,,,,,,,,,,,,,,,,,,,,,,,,,,,,,,,,,,,,,,,,,,,
BIQUINHO,FJG112/151,7939,0.718,1052.6,18.71,68,417.44,4.86,151.6,1.52,26.66,74400,1.62,0.38,0.056,22.8,55.2,34,0.41,1.08,0.1078,3.1,26,1.5,0.97,0.008,0.024,5.9,0.8,0.2,19.4,1.74,1.4,0.4,3,0.51,105.4,30,0.94,2.5,1.67,0.23,0.001,,,,,,,,,,,,,,,,,,,,,,,,,,,,,,,,,,,,,,,,,,,,,,,,,,,,,,,,,,,,,,,,,,,,,,,,,,,,,,,,,,,,,,,,,,,,,,,,
BIQUINHO,FJG112/152,8598,1.745,1470.8,36.15,46,711.19,5.54,158.7,0.94,27.2,82600,1.81,1.74,0.037,14.9,57.7,37,0.71,1.21,0.1723,2.3,15,2.75,0.56,0.004,0.031,5,1,0.1,12.2,1.18,0.9,0.2,3.3,0.29,62,49,0.76,1.7,0.98,0.21,0.001,,,,,,,,,,,,,,,,,,,,,,,,,,,,,,,,,,,,,,,,,,,,,,,,,,,,,,,,,,,,,,,,,,,,,,,,,,,,,,,,,,,,,,,,,,,,,,,,
BIQUINHO,FJG115/103,15200,2.98,130,46.58,30,330.13,8.13,80.4,0.58,29.58,83800,1,0.66,0.028,8.2,45.6,11,0.69,1.13,0.1828,1.7,11,2.9,0.28,0.013,0.034,2.6,0.7,3.6,7.8,0.46,0.6,0.1,3.2,0.2,27.3,47,0.74,1.4,0.37,0.14,0.003,,,,,,,,,,,,,,,,,,,,,,,,,,,,,,,,,,,,,,,,,,,,,,,,,,,,,,,,,,,,,,,,,,,,,,,,,,,,,,,,,,,,,,,,,,,,,,,,
BIQUINHO,FJG115/119,17400,1.662,321.8,51.29,29,225.96,5.64,110.2,0.88,25.76,76900,1.33,0.93,0.027,7.3,50.4,21,0.71,1.25,0.2804,1.9,12,3.35,0.36,0.012,0.027,4.5,0.6,0.4,8.8,0.87,0.7,0.2,3.8,0.28,37.3,50,0.41,1.7,0.54,0.42,0.001,,,,,,,,,,,,,,,,,,,,,,,,,,,,,,,,,,,,,,,,,,,,,,,,,,,,,,,,,,,,,,,,,,,,,,,,,,,,,,,,,,,,,,,,,,,,,,,,
BIQUINHO,FJG115/121,6244,0.75,64.7,11.17,10,119.18,2.68,236.3,0.25,28.65,31800,0.45,0.27,0.008,1.2,21.9,6,0.47,1.27,0.1932,0.6,5,2.26,0.08,0.015,0.031,1.2,1.1,0.2,2.5,0.12,0.3,0.1,2.6,0.05,4.3,32,0.24,1,0.025,0.88,0.001,,,,,,,,,,,,,,,,,,,,,,,,,,,,,,,,,,,,,,,,,,,,,,,,,,,,,,,,,,,,,,,,,,,,,,,,,,,,,,,,,,,,,,,,,,,,,,,,
BIQUINHO,FJG115/122,14100,1.27,2840.5,46.41,21,268.58,5.49,89.7,0.7,24.66,81400,5.1,2.33,0.025,11.6,49,15,0.64,1.14,0.2117,1.6,10,2.66,0.35,0.011,0.023,2.1,0.9,0.4,6.6,0.84,0.3,0.1,2.8,0.17,45.1,45,0.62,1.7,0.57,0.48,0.001,,,,,,,,,,,,,,,,,,,,,,,,,,,,,,,,,,,,,,,,,,,,,,,,,,,,,,,,,,,,,,,,,,,,,,,,,,,,,,,,,,,,,,,,,,,,,,,,
BIQUINHO,FJG115/123,8154,0.78,4.8,15.27,10,116.78,5.26,174.9,0.27,22.8,25500,0.58,0.42,0.007,2,19.5,6,1.01,1.93,0.2878,0.4,5,7.49,0.1,0.012,0.025,1.3,0.3,0.3,2.5,0.15,0.2,0.05,4.2,0.1,12,85,0.16,0.6,0.16,0.82,0.006,,,,,,,,,,,,,,,,,,,,,,,,,,,,,,,,,,,,,,,,,,,,,,,,,,,,,,,,,,,,,,,,,,,,,,,,,,,,,,,,,,,,,,,,,,,,,,,,
BIQUINHO,FJG115/124,43500,3.197,20.9,91.06,8,383.16,6.49,51.8,0.28,28.49,88900,0.27,1.23,0.007,4.4,100.6,5,0.73,0.92,0.2645,0.4,5,3.9,0.12,0.007,0.025,2.3,0.9,0.2,2,0.44,0.1,0.05,3.2,0.07,13.3,51,0.27,0.7,0.23,0.38,0.001,,,,,,,,,,,,,,,,,,,,,,,,,,,,,,,,,,,,,,,,,,,,,,,,,,,,,,,,,,,,,,,,,,,,,,,,,,,,,,,,,,,,,,,,,,,,,,,,
BIQUINHO,FJG119/131,7462,1.814,87,29.88,42,742.28,4.69,45.5,0.57,24.81,83600,0.43,0.94,0.033,20.7,90.7,16,0.31,1.43,0.1382,1.7,9,3.47,0.28,0.008,0.04,6.5,0.5,0.2,8.4,0.84,0.9,0.2,4.6,0.22,26.3,55,0.64,0.8,0.41,0.14,0.007,,,,,,,,,,,,,,,,,,,,,,,,,,,,,,,,,,,,,,,,,,,,,,,,,,,,,,,,,,,,,,,,,,,,,,,,,,,,,,,,,,,,,,,,,,,,,,,,
BIQUINHO,FJG119/133,15400,1.725,168.3,48.52,47,564.27,6.01,87.6,0.91,25.2,77000,1.74,0.64,0.045,12.3,69.5,18,0.6,1.25,0.1248,2.1,16,2.6,0.45,0.015,0.038,2.9,0.7,0.2,11,0.99,0.8,0.2,3.8,0.28,51.1,48,0.83,1.8,0.79,0.17,0.005,,,,,,,,,,,,,,,,,,,,,,,,,,,,,,,,,,,,,,,,,,,,,,,,,,,,,,,,,,,,,,,,,,,,,,,,,,,,,,,,,,,,,,,,,,,,,,,,
BIQUINHO,FJG119/135,6614,2.676,53.4,23.31,31,631.77,6.4,122.9,0.42,26.25,48800,0.25,0.91,0.022,5.7,51.3,10,0.71,0.93,0.1007,1.2,8,2.08,0.19,0.009,0.033,2.2,0.8,0.9,5.5,0.6,0.4,0.1,3.4,0.15,23.5,34,0.8,1.5,0.34,0.12,0.003,,,,,,,,,,,,,,,,,,,,,,,,,,,,,,,,,,,,,,,,,,,,,,,,,,,,,,,,,,,,,,,,,,,,,,,,,,,,,,,,,,,,,,,,,,,,,,,,
BIQUINHO,FJG119/145,9900,1.972,247.5,47.57,50,998.57,5.55,83.8,0.93,26.91,91000,1.23,0.67,0.043,23.8,122.4,24,0.34,0.88,0.1216,2.2,16,2.54,0.36,0.014,0.026,5.5,0.8,5.3,13.1,1.01,1.1,0.3,3.1,0.33,26,30,0.72,1.7,0.36,0.14,0.003,,,,,,,,,,,,,,,,,,,,,,,,,,,,,,,,,,,,,,,,,,,,,,,,,,,,,,,,,,,,,,,,,,,,,,,,,,,,,,,,,,,,,,,,,,,,,,,,
BIQUINHO,FJG119/155,15600,2.302,13.7,70.95,24,1907.04,5.03,116.5,0.56,23.33,87500,0.16,1.91,0.018,95.4,379,19,0.62,0.95,0.2071,0.9,7,3.96,0.3,0.008,0.025,3.2,0.5,0.2,7.5,0.78,0.5,0.1,3.3,0.18,26.3,45,0.79,1.1,0.45,0.5,0.001,,,,,,,,,,,,,,,,,,,,,,,,,,,,,,,,,,,,,,,,,,,,,,,,,,,,,,,,,,,,,,,,,,,,,,,,,,,,,,,,,,,,,,,,,,,,,,,,
BIQUINHO,FJG40/083,8989,5.648,188.5,47.67,39,847.39,7.66,33.5,0.62,28.23,83100.01,0.7,1.21,0.024,14.2,69.6,13,0.37,1.09,0.1004,1.6,12,2.15,0.24,0.006,0.022,3.1,0.15,8.7,7.7,0.56,0.6,0.2,2.2,0.16,33.1,38,1.36,1.4,0.51,0.13,0.001,,,,,,,,,,,,,,,,,,,,,,,,,,,,,,,,,,,,,,,,,,,,,,,,,,,,,,,,,,,,,,,,,,,,,,,,,,,,,,,,,,,,,,,,,,,,,,,,
BIQUINHO,FJG40/084,5466,3.996,40.8,27.48,25,809.73,6.12,16,0.24,29.84,86100,0.32,0.7,0.01,10,76.6,6,0.23,0.67,0.0878,0.5,7,1.83,0.1,0.003,0.029,2.2,0.15,0.5,2.7,0.31,0.2,0.05,1.9,0.05,13.1,30,1.89,0.9,0.19,0.08,0.003,,,,,,,,,,,,,,,,,,,,,,,,,,,,,,,,,,,,,,,,,,,,,,,,,,,,,,,,,,,,,,,,,,,,,,,,,,,,,,,,,,,,,,,,,,,,,,,,
BIQUINHO,FJG40/093,14100,2.487,12.9,51.15,42,883.11,6.93,79.7,0.8,23.87,68700,0.26,1.22,0.026,13.2,73.7,12,0.73,1.17,0.0907,1.8,12,1.72,0.35,0.005,0.022,2.3,0.15,0.5,8,0.78,0.8,0.2,2.6,0.29,44.4,34,1.68,1.8,0.74,0.2,0.001,,,,,,,,,,,,,,,,,,,,,,,,,,,,,,,,,,,,,,,,,,,,,,,,,,,,,,,,,,,,,,,,,,,,,,,,,,,,,,,,,,,,,,,,,,,,,,,,
BIQUINHO,FJG40/094,9853,3.082,37.5,31.03,30,951.38,6.38,43.8,0.35,25.79,76700,0.25,0.89,0.011,10.7,73.1,7,0.45,0.92,0.1034,0.6,7,2.08,0.13,0.004,0.024,1.5,0.15,0.6,3.2,0.42,0.3,0.05,2.3,0.1,16.6,41,1.8,0.9,0.22,0.11,0.006,,,,,,,,,,,,,,,,,,,,,,,,,,,,,,,,,,,,,,,,,,,,,,,,,,,,,,,,,,,,,,,,,,,,,,,,,,,,,,,,,,,,,,,,,,,,,,,,
BIQUINHO,FJG40/101,9040,1.595,123.1,35.43,40,1270.67,5.48,53.2,0.71,27.89,81100,0.76,0.53,0.031,23.3,90.7,24,0.41,0.91,0.1472,1.8,14,2.78,0.41,0.012,0.024,4.5,0.4,9.7,9.9,0.94,1,0.2,2.9,0.25,33.1,36,1.66,1.7,0.48,0.15,0.006,,,,,,,,,,,,,,,,,,,,,,,,,,,,,,,,,,,,,,,,,,,,,,,,,,,,,,,,,,,,,,,,,,,,,,,,,,,,,,,,,,,,,,,,,,,,,,,,
BIQUINHO,FJG40/116,8255,1.73,0.8,38.9,35,899.5,4.16,45,0.52,23.9,76400,0.17,2,0.015,25.4,155.6,10,0.24,1.44,0.1204,1,0.5,2.98,0.2,0.001,0.033,3.8,1.2,0.3,5.8,0.55,1,0.3,3.4,0.18,19,35,1.94,1.1,0.31,0.13,0.003,,,,,,,,,,,,,,,,,,,,,,,,,,,,,,,,,,,,,,,,,,,,,,,,,,,,,,,,,,,,,,,,,,,,,,,,,,,,,,,,,,,,,,,,,,,,,,,,
BIQUINHO,FJG40/117,9299,2.387,2.5,60.47,40,1112.49,4.53,69.5,0.91,23.45,82100,0.29,5.47,0.024,18.9,133,17,0.25,1.4,0.1105,1.4,5,3.4,0.36,0.003,0.025,7.5,0.7,0.5,7.3,0.67,0.7,0.2,3.9,0.2,36.2,27,2.33,1.7,0.55,0.27,0.002,,,,,,,,,,,,,,,,,,,,,,,,,,,,,,,,,,,,,,,,,,,,,,,,,,,,,,,,,,,,,,,,,,,,,,,,,,,,,,,,,,,,,,,,,,,,,,,,
BIQUINHO,FJG40/119,14200,1.206,1.4,77.11,83,778.5,5.63,175.5,1.96,25.51,67000,0.28,3,0.088,12.5,116.7,40,0.52,1.95,0.1189,5.1,25,2.77,0.84,0.01,0.043,3.8,0.7,0.7,22.6,1.77,1.7,0.4,5.1,0.61,73.7,42,2.28,2.3,1.17,0.43,0.009,,,,,,,,,,,,,,,,,,,,,,,,,,,,,,,,,,,,,,,,,,,,,,,,,,,,,,,,,,,,,,,,,,,,,,,,,,,,,,,,,,,,,,,,,,,,,,,,
BIQUINHO,FJG40/121,20800,1.807,0.6,83.52,46,657.45,6.38,171.5,0.62,29.07,56000,0.26,2.3,0.016,8.1,87.8,22,0.72,1.46,0.1407,1.4,2,2.55,0.31,0.018,0.028,1.9,0.7,0.4,5.1,0.5,0.3,0.1,3.1,0.12,37.4,39,1.42,1.5,0.52,0.62,0.008,,,,,,,,,,,,,,,,,,,,,,,,,,,,,,,,,,,,,,,,,,,,,,,,,,,,,,,,,,,,,,,,,,,,,,,,,,,,,,,,,,,,,,,,,,,,,,,,
BIQUINHO,FJG40/122,21800,2.518,0.3,102.53,29,1072.38,6.18,66,0.6,30.77,90200.01,0.23,3.83,0.011,16.8,131.7,11,0.54,1,0.102,0.8,0.5,2.11,0.26,0.001,0.022,1.5,0.6,0.2,3.1,0.39,0.2,0.05,2,0.06,30.6,34,2.51,1.3,0.5,0.45,0.005,,,,,,,,,,,,,,,,,,,,,,,,,,,,,,,,,,,,,,,,,,,,,,,,,,,,,,,,,,,,,,,,,,,,,,,,,,,,,,,,,,,,,,,,,,,,,,,,
BIQUINHO,FJG47/034,10600,1.807,873.3,29.22,130,192.41,7.73,115.2,2.02,20.43,43100,1.46,0.9,0.095,18,61.2,19,0.33,1.86,0.114,4.8,34,2.45,0.85,0.015,0.029,8.9,0.5,1,27,2.24,3.2,0.9,5.8,0.79,114.5,37,2.27,3,1.75,0.16,0.001,,,,,,,,,,,,,,,,,,,,,,,,,,,,,,,,,,,,,,,,,,,,,,,,,,,,,,,,,,,,,,,,,,,,,,,,,,,,,,,,,,,,,,,,,,,,,,,,
BIQUINHO,FJG47/036,19300,3.205,1517.7,46.8,59,433.05,6.02,59.7,1.07,28.51,86100,1.39,1.42,0.043,10.3,90.9,20,0.43,1.38,0.128,2.4,18,2.35,0.48,0.009,0.026,2.6,0.6,0.3,11.6,1.2,0.9,0.2,3.1,0.35,61.7,39,2.08,1.5,0.96,0.14,0.001,,,,,,,,,,,,,,,,,,,,,,,,,,,,,,,,,,,,,,,,,,,,,,,,,,,,,,,,,,,,,,,,,,,,,,,,,,,,,,,,,,,,,,,,,,,,,,,,
BIQUINHO,FJG47/037,7558,1.099,58,40,69,337.29,8.55,46.2,2.02,24.05,61100,0.95,1.81,0.072,5.8,49.5,47,0.21,1.07,0.1085,3.5,22,1.91,0.99,0.268,0.023,3.7,0.8,8.2,31,1.93,3.1,0.7,3.9,1.12,136.2,34,2.69,2,2.21,0.13,0.001,,,,,,,,,,,,,,,,,,,,,,,,,,,,,,,,,,,,,,,,,,,,,,,,,,,,,,,,,,,,,,,,,,,,,,,,,,,,,,,,,,,,,,,,,,,,,,,,
BIQUINHO,FJG47/038,9578,1.89,653.1,43.43,51,389.43,5.21,38.1,0.95,24.71,67800,1.25,2.91,0.04,12.6,47.7,36,0.32,1.42,0.2289,2.3,15,3.78,0.41,0.073,0.034,3.6,0.15,0.5,13.8,1,1,0.2,3.2,0.41,51.4,53,2.11,1,0.77,0.13,0.001,,,,,,,,,,,,,,,,,,,,,,,,,,,,,,,,,,,,,,,,,,,,,,,,,,,,,,,,,,,,,,,,,,,,,,,,,,,,,,,,,,,,,,,,,,,,,,,,
BIQUINHO,FJG47/039,15200,2.476,2866.1,49.62,45,370.33,4.24,35.9,1.12,25.72,81100,2.52,2.52,0.046,24.6,72.6,53,0.32,0.81,0.1284,2,18,2.07,0.56,0.009,0.027,2.7,0.4,2.1,16.7,0.96,1.1,0.3,2.5,0.54,34.5,28,1.95,1.5,0.44,0.15,0.001,,,,,,,,,,,,,,,,,,,,,,,,,,,,,,,,,,,,,,,,,,,,,,,,,,,,,,,,,,,,,,,,,,,,,,,,,,,,,,,,,,,,,,,,,,,,,,,,
BIQUINHO,FJG47/041,10500,1.388,100.8,47.08,21,357.52,4.16,29.9,0.32,28.14,80800,2.24,0.65,0.013,10.7,60.2,11,0.4,0.89,0.1969,0.9,7,2.98,0.13,0.003,0.027,2.1,0.6,47.1,3.4,0.33,0.2,0.05,1.9,0.07,8.4,36,1.11,0.6,0.12,0.08,0.004,,,,,,,,,,,,,,,,,,,,,,,,,,,,,,,,,,,,,,,,,,,,,,,,,,,,,,,,,,,,,,,,,,,,,,,,,,,,,,,,,,,,,,,,,,,,,,,,
BIQUINHO,FJG47/042,10800,0.899,69,42.39,62,428.62,5.16,46.9,1.06,30.06,84900,1.26,1.23,0.041,16.2,95.9,32,0.32,1.11,0.1903,2.4,17,3.22,0.39,0.03,0.028,3.6,0.4,1.1,11.9,0.88,1,0.2,2.8,0.33,23.4,38,1.57,1.4,0.29,0.11,0.001,,,,,,,,,,,,,,,,,,,,,,,,,,,,,,,,,,,,,,,,,,,,,,,,,,,,,,,,,,,,,,,,,,,,,,,,,,,,,,,,,,,,,,,,,,,,,,,,
BIQUINHO,FJG47/048,9044,2.049,820.2,43.09,91,459.02,8.73,108.4,1.89,25.45,77800,4.09,2.54,0.086,18.8,106.3,60,0.51,1.46,0.2239,4.8,32,3.31,0.91,0.01,0.027,6.1,0.6,2.1,25.2,1.64,2.1,0.6,3.6,0.64,66.7,37,1.64,3.5,0.88,0.27,0.004,,,,,,,,,,,,,,,,,,,,,,,,,,,,,,,,,,,,,,,,,,,,,,,,,,,,,,,,,,,,,,,,,,,,,,,,,,,,,,,,,,,,,,,,,,,,,,,,
BIQUINHO,FJG47/055,7356,2.012,33.5,24.99,50,297.55,6.01,81.7,0.91,22.46,50800,0.86,0.78,0.038,8,42.5,34,0.19,1.61,0.129,2.3,15,3.02,0.33,0.024,0.038,19.9,0.15,0.6,9.6,1.19,0.9,0.2,6.6,0.24,36.5,28,1.42,0.9,0.46,0.18,0.004,,,,,,,,,,,,,,,,,,,,,,,,,,,,,,,,,,,,,,,,,,,,,,,,,,,,,,,,,,,,,,,,,,,,,,,,,,,,,,,,,,,,,,,,,,,,,,,,
BIQUINHO,FJG73/091,14800,1.406,1203.6,29.39,58,346.46,4.87,89.9,1.01,24.78,63300,2.48,0.41,0.04,16,50.8,13,0.61,1.41,0.189,2.5,17,3.48,0.5,0.026,0.031,3.6,0.4,0.2,11.9,1,1.2,0.3,4.6,0.32,44.7,57,1.27,1.3,0.71,0.17,0.001,,,,,,,,,,,,,,,,,,,,,,,,,,,,,,,,,,,,,,,,,,,,,,,,,,,,,,,,,,,,,,,,,,,,,,,,,,,,,,,,,,,,,,,,,,,,,,,,
BIQUINHO,FJG73/096,19100,1.711,261.7,49.66,54,568.33,5.61,58.7,1.11,29.61,83900,1,0.05,0.041,15.7,63.3,14,0.37,1.44,0.1606,2.3,18,2.59,0.54,0.009,0.032,4.2,0.3,0.2,11.1,1.04,1,0.3,3.8,0.36,54.9,51,0.97,1.5,0.94,0.15,0.001,,,,,,,,,,,,,,,,,,,,,,,,,,,,,,,,,,,,,,,,,,,,,,,,,,,,,,,,,,,,,,,,,,,,,,,,,,,,,,,,,,,,,,,,,,,,,,,,
BIQUINHO,FJG73/097,9800,1.161,2350.7,35.31,95,336.87,4.42,82.7,1.71,23.79,70200,4.79,1.08,0.071,20.2,52.4,44,0.33,1.37,0.1714,3.8,28,2.62,0.89,0.021,0.026,4.8,0.3,0.7,21.5,2.01,1.6,0.4,4.1,0.63,63.7,46,1.83,2.6,1.08,0.14,0.002,,,,,,,,,,,,,,,,,,,,,,,,,,,,,,,,,,,,,,,,,,,,,,,,,,,,,,,,,,,,,,,,,,,,,,,,,,,,,,,,,,,,,,,,,,,,,,,,
BIQUINHO,FJG73/098,14100,1.2,91.5,47.78,57,513.29,5.04,45.2,0.99,26.12,73100,0.46,0.65,0.038,7.9,58.5,35,0.3,1.3,0.1455,2.3,19,3.03,0.41,0.006,0.029,3.2,1.1,0.4,13.1,1,0.9,0.2,3.5,0.39,31.1,54,2.27,2.1,0.6,0.1,0.001,,,,,,,,,,,,,,,,,,,,,,,,,,,,,,,,,,,,,,,,,,,,,,,,,,,,,,,,,,,,,,,,,,,,,,,,,,,,,,,,,,,,,,,,,,,,,,,,
BIQUINHO,FJG73/099,16100,1.83,1827.9,51.52,42,468.52,5.47,46.3,0.68,26.99,81899.99,3.99,0.83,0.026,16.7,61.6,19,0.31,1.1,0.1944,1.7,12,3.17,0.3,0.015,0.032,5.4,1.2,0.4,9.4,0.89,0.7,0.2,4.2,0.31,28.5,54,1.81,1.4,0.48,0.12,0.001,,,,,,,,,,,,,,,,,,,,,,,,,,,,,,,,,,,,,,,,,,,,,,,,,,,,,,,,,,,,,,,,,,,,,,,,,,,,,,,,,,,,,,,,,,,,,,,,
BIQUINHO,FJG73/101,17000,1.542,239.7,45.48,53,505.97,5.57,65.3,1.12,29.38,75400,1.46,0.28,0.041,13,63.2,36,0.28,1.02,0.1509,2.4,18,2.52,0.51,0.036,0.032,7.5,0.4,0.7,12.5,1.23,1,0.3,5.5,0.46,56.6,36,2.03,2.8,0.85,0.28,0.006,,,,,,,,,,,,,,,,,,,,,,,,,,,,,,,,,,,,,,,,,,,,,,,,,,,,,,,,,,,,,,,,,,,,,,,,,,,,,,,,,,,,,,,,,,,,,,,,
BIQUINHO,FJG75/136,8960,1.599,3198.4,23.39,53,533.28,9.99,27.9,0.81,20.24,76900,2.35,0.66,0.035,11.8,53.1,23,0.16,0.57,0.1709,2.1,17,7.49,0.28,0.096,0.049,7.2,0.5,0.8,10.2,0.9,0.8,0.2,6.9,0.29,43.2,79,1.1,2.7,0.42,0.23,0.001,,,,,,,,,,,,,,,,,,,,,,,,,,,,,,,,,,,,,,,,,,,,,,,,,,,,,,,,,,,,,,,,,,,,,,,,,,,,,,,,,,,,,,,,,,,,,,,,
BIQUINHO,FJG75/141,16500,1.835,388.8,56.71,56,777.14,9.1,111.9,1.09,25.55,88000,1.08,0.44,0.043,11.6,59.3,13,0.39,0.72,0.125,2.6,25,4.66,0.19,0.025,0.033,4,0.3,0.3,15.7,1.23,1.2,0.3,5.1,0.39,23.3,72,1.13,2.7,0.6,0.25,0.001,,,,,,,,,,,,,,,,,,,,,,,,,,,,,,,,,,,,,,,,,,,,,,,,,,,,,,,,,,,,,,,,,,,,,,,,,,,,,,,,,,,,,,,,,,,,,,,,
BIQUINHO,FJG75/142,10300,1.447,215.6,34.49,52,407.61,6.08,230.3,0.97,25.35,43200,0.67,0.86,0.039,5.8,40.6,12,1.21,0.55,0.1463,2,23,6.99,0.17,0.034,0.028,6.8,0.15,0.4,12.3,1.15,1,0.3,5.3,0.31,23.4,75,0.99,3,0.45,0.33,0.001,,,,,,,,,,,,,,,,,,,,,,,,,,,,,,,,,,,,,,,,,,,,,,,,,,,,,,,,,,,,,,,,,,,,,,,,,,,,,,,,,,,,,,,,,,,,,,,,
BIQUINHO,FJG75/143,7940,1.042,72,38.86,68,689.38,5.9,124.2,1.24,24.83,62300,0.24,0.22,0.056,6.6,69.5,13,0.52,0.74,0.107,3,27,4.34,0.23,0.006,0.039,7.1,0.4,0.4,18.3,1.64,1.4,0.4,4.7,0.5,27.8,29,0.89,2.5,0.48,0.22,0.001,,,,,,,,,,,,,,,,,,,,,,,,,,,,,,,,,,,,,,,,,,,,,,,,,,,,,,,,,,,,,,,,,,,,,,,,,,,,,,,,,,,,,,,,,,,,,,,,
BIQUINHO,FJG84/132,7609,1.113,277,32.11,38,429.79,4.31,38.7,0.3,25.05,75800,0.62,0.23,0.015,4.1,47.9,10,0.43,0.97,0.1124,1,7,2.35,0.18,0.01,0.027,1.9,1.3,0.2,4.2,0.34,0.3,0.05,2.3,0.07,16.5,44,1.1,0.3,0.17,0.07,0.009,,,,,,,,,,,,,,,,,,,,,,,,,,,,,,,,,,,,,,,,,,,,,,,,,,,,,,,,,,,,,,,,,,,,,,,,,,,,,,,,,,,,,,,,,,,,,,,,
BIQUINHO,FJG84/134,15100,1.254,308.7,49.88,37,374,4.19,104.7,0.38,28.61,59000,0.76,0.33,0.015,3.3,41.6,12,0.42,0.95,0.0954,1.2,8,1.18,0.24,0.01,0.031,2.8,0.5,0.6,4,0.42,0.2,0.05,2.6,0.15,25.6,25,1.13,1,0.39,0.14,0.001,,,,,,,,,,,,,,,,,,,,,,,,,,,,,,,,,,,,,,,,,,,,,,,,,,,,,,,,,,,,,,,,,,,,,,,,,,,,,,,,,,,,,,,,,,,,,,,,
BIQUINHO,FJG84/145,9576,2.754,268.8,46.24,56,788.78,8.26,59.2,1.07,31.22,88800,1.31,1.15,0.053,16.5,60.6,25,0.59,1.17,0.1935,2.8,20,2.94,0.59,0.015,0.019,7.4,0.5,179,15.6,1.22,1.1,0.3,3.6,0.45,39.8,43,1.54,1.6,0.49,0.19,0.005,,,,,,,,,,,,,,,,,,,,,,,,,,,,,,,,,,,,,,,,,,,,,,,,,,,,,,,,,,,,,,,,,,,,,,,,,,,,,,,,,,,,,,,,,,,,,,,,
BIQUINHO,FJG84/147,9962,2.378,2008.2,51.09,70,606.63,6.15,128.5,1.17,28.5,87500,1.56,2.44,0.054,16.6,88.6,23,0.58,0.94,0.1471,2.7,19,2.26,0.67,0.008,0.027,6.4,0.7,4.1,18.9,1.31,1.6,0.4,3.2,0.58,69.8,33,1.54,2.2,1.1,0.21,0.011,,,,,,,,,,,,,,,,,,,,,,,,,,,,,,,,,,,,,,,,,,,,,,,,,,,,,,,,,,,,,,,,,,,,,,,,,,,,,,,,,,,,,,,,,,,,,,,,
BIQUINHO,FJG86/113,15500,2.399,135.6,58.57,76,379.73,6.48,117.2,1.5,25.83,79800,1,2.13,0.073,9.6,59.4,21,0.34,1.51,0.0852,4.6,27,1.68,0.88,0.008,0.032,5.6,1.6,0.6,17.9,1.63,1.5,0.4,4.3,0.44,95.9,33,1.38,2.9,1.31,0.16,0.002,,,,,,,,,,,,,,,,,,,,,,,,,,,,,,,,,,,,,,,,,,,,,,,,,,,,,,,,,,,,,,,,,,,,,,,,,,,,,,,,,,,,,,,,,,,,,,,,
BIQUINHO,FJG86/122,14600,1.995,67.3,53.5,22,609.95,6.25,55.5,0.3,33.11,97400,0.37,0.91,0.009,6.8,91.9,10,0.7,0.69,0.19,0.6,6,3.29,0.14,0.006,0.025,2.1,1.4,72.6,2.9,0.48,0.2,0.05,2.9,0.05,14.5,46,0.91,1.1,0.22,0.21,0.001,,,,,,,,,,,,,,,,,,,,,,,,,,,,,,,,,,,,,,,,,,,,,,,,,,,,,,,,,,,,,,,,,,,,,,,,,,,,,,,,,,,,,,,,,,,,,,,,
BIQUINHO,FJG86/123,10000,1.385,112.5,74.18,54,866.84,6.67,52.8,0.94,30.29,96800,0.87,2.03,0.05,14,86.5,26,0.52,1.07,0.1638,2.7,16,2.51,0.48,0.01,0.025,3.5,1.5,25.1,14,1.21,1.2,0.4,2.7,0.42,32.5,45,1.07,1.5,0.38,0.24,0.001,,,,,,,,,,,,,,,,,,,,,,,,,,,,,,,,,,,,,,,,,,,,,,,,,,,,,,,,,,,,,,,,,,,,,,,,,,,,,,,,,,,,,,,,,,,,,,,,
BIQUINHO,FJG88/107,4419,1.786,50.5,39.38,28,1158.15,5.55,34.4,0.21,28.32,85200.01,0.19,0.86,0.011,12.5,80.1,8,0.52,0.77,0.1436,0.6,4,2.42,0.08,0.005,0.034,4,0.4,0.3,3.7,0.3,0.4,0.05,2.2,0.12,6,36,1.2,0.6,0.13,0.17,0.001,,,,,,,,,,,,,,,,,,,,,,,,,,,,,,,,,,,,,,,,,,,,,,,,,,,,,,,,,,,,,,,,,,,,,,,,,,,,,,,,,,,,,,,,,,,,,,,,
BIQUINHO,FJG88/112,6100,1.91,135.7,39.43,36,1188.6,6.49,53.5,0.3,29.18,87100,0.2,1,0.031,16,75.8,10,0.65,1.15,0.2125,1,8,3.5,0.1,0.011,0.042,4.3,0.4,0.8,7.9,0.83,0.6,0.1,3.5,0.24,8.9,56,0.97,0.7,0.13,0.22,0.001,,,,,,,,,,,,,,,,,,,,,,,,,,,,,,,,,,,,,,,,,,,,,,,,,,,,,,,,,,,,,,,,,,,,,,,,,,,,,,,,,,,,,,,,,,,,,,,,
BIQUINHO,FJG88/113,26800,2.257,8.9,125.49,41,763.4,5.67,85.7,0.87,31.69,95600.01,0.19,2.52,0.034,17.1,91.7,42,0.76,0.95,0.1367,1.9,11,2.3,0.29,0.016,0.018,5.1,0.8,1.9,12.6,0.72,0.8,0.2,2.6,0.34,14.2,35,1.12,1.1,0.17,0.18,0.001,,,,,,,,,,,,,,,,,,,,,,,,,,,,,,,,,,,,,,,,,,,,,,,,,,,,,,,,,,,,,,,,,,,,,,,,,,,,,,,,,,,,,,,,,,,,,,,,
BIQUINHO,FJG88/114,11500,1.834,7.9,62.56,29,1390.21,4.82,56.1,0.37,26.41,78900,0.12,1.13,0.009,14.5,74.4,19,0.5,1,0.1696,1,6,3.09,0.09,0.009,0.031,2.9,0.15,0.9,3.4,0.21,0.3,0.05,2.3,0.08,5.5,49,1.19,0.4,0.08,0.16,0.001,,,,,,,,,,,,,,,,,,,,,,,,,,,,,,,,,,,,,,,,,,,,,,,,,,,,,,,,,,,,,,,,,,,,,,,,,,,,,,,,,,,,,,,,,,,,,,,,
BIQUINHO,FJG88/115,13000,2.067,1.1,57.51,25,904.52,5,35.3,0.34,28.23,90700,0.13,1.26,0.011,14.7,83.9,33,0.32,0.8,0.1308,0.8,7,2.54,0.14,0.007,0.028,2.1,1,0.6,3.5,0.41,0.2,0.05,1.9,0.08,7.4,40,1.11,0.6,0.1,0.12,0.001,,,,,,,,,,,,,,,,,,,,,,,,,,,,,,,,,,,,,,,,,,,,,,,,,,,,,,,,,,,,,,,,,,,,,,,,,,,,,,,,,,,,,,,,,,,,,,,,
BIQUINHO,FJG88/116,8766,1.543,1.8,44.66,45,1458.28,5.86,68.9,0.92,27.1,91800,0.1,1.36,0.037,15.3,78.5,59,0.54,0.82,0.1349,1.9,13,2.27,0.42,0.014,0.162,4.5,0.8,1.7,18.1,1.03,1,0.3,2.7,0.49,22.8,36,1.26,1.2,0.27,0.21,0.001,,,,,,,,,,,,,,,,,,,,,,,,,,,,,,,,,,,,,,,,,,,,,,,,,,,,,,,,,,,,,,,,,,,,,,,,,,,,,,,,,,,,,,,,,,,,,,,,
BIQUINHO,FJG88/118,13800,2.441,1833.4,53.69,59,1210.96,5.34,65.8,0.9,29.5,89200,1.39,1.79,0.045,28.8,99,27,0.45,0.82,0.117,1.8,16,1.97,0.48,0.008,0.026,5.4,0.9,33.4,16,1.11,1.2,0.3,3.1,0.44,37.6,34,1.08,1.5,0.54,0.2,0.002,,,,,,,,,,,,,,,,,,,,,,,,,,,,,,,,,,,,,,,,,,,,,,,,,,,,,,,,,,,,,,,,,,,,,,,,,,,,,,,,,,,,,,,,,,,,,,,,
BIQUINHO,FJG92/031,9144,0.877,207.5,34.84,65,190.95,3.75,61.8,0.86,22.52,63500,1.93,0.79,0.042,8.6,52.3,12,0.34,1.11,0.1481,1.9,11,2.82,0.37,0.011,0.058,5.6,1,0.4,13.1,1.07,1.3,0.4,4,0.38,48.6,41,0.92,0.8,0.65,0.1,0.005,,,,,,,,,,,,,,,,,,,,,,,,,,,,,,,,,,,,,,,,,,,,,,,,,,,,,,,,,,,,,,,,,,,,,,,,,,,,,,,,,,,,,,,,,,,,,,,,
BIQUINHO,FJG92/047,5906,0.376,1891.3,18.63,30,70.94,2.25,150.6,0.69,21.98,28100,2.95,0.28,0.024,5,24.6,10,0.3,1.6,0.1524,1.7,10,2.21,0.23,0.01,0.024,1.6,0.3,1.9,6.8,0.84,0.5,0.2,4.2,0.15,21.5,28,0.78,1,0.25,0.13,0.001,,,,,,,,,,,,,,,,,,,,,,,,,,,,,,,,,,,,,,,,,,,,,,,,,,,,,,,,,,,,,,,,,,,,,,,,,,,,,,,,,,,,,,,,,,,,,,,,
,,,,,,,,,,,,,,,,,,,,,,,,,,,,,,,,,,,,,,,,,,,,,,,,,,,,,,,,,,,,,,,,,,,,,,,,,,,,,,,,,,,,,,,,,,,,,,,,,,,,,,,,,,,,,,,,,,,,,,,,,,,,,,,,,,,,,,,,,,,
,,,,,,,,,,,,,,,,,,,,,,,,,,,,,,,,,,,,,,,,,,,,,,,,,,,,,,,,,,,,,,,,,,,,,,,,,,,,,,,,,,,,,,,,,,,,,,,,,,,,,,,,,,,,,,,,,,,,,,,,,,,,,,,,,,,,,,,,,,,
